C_n,Fai_n,e2(input),v2(output),e3,v3,e4,v4,e5,v5
0,0,9.34E-02,1.73E-02,6.65E-02,8.89E-03,5.87E-02,8.44E-03,0.108104179,6.85E-03
0,0,0.146305844,1.78E-02,7.36E-02,9.67E-03,0.116340545,6.75E-03,9.88E-02,2.30E-03
0,0,0.155377271,1.68E-02,5.16E-02,9.45E-03,4.90E-02,8.96E-04,1.42E-02,3.10E-03
0,0,8.14E-02,1.74E-02,0.111206744,1.85E-02,0.104025364,1.50E-03,0.145383289,1.37E-03
0,0,0.126369881,3.20E-02,3.85E-02,9.01E-03,0.145122709,8.58E-03,0.166425287,6.85E-03
0,0,0.147068753,1.90E-02,7.11E-02,1.34E-02,3.17E-02,2.54E-03,0.186591398,5.28E-03
0,0,0.196303658,4.29E-02,8.55E-02,7.78E-03,0.110854732,6.90E-03,0.204834625,5.18E-04
0,0,0.167987611,2.48E-02,7.26E-02,2.87E-03,0.130297686,7.90E-03,0.164519043,2.33E-03
0,0,6.33E-02,1.94E-02,7.26E-02,8.83E-03,0.1058794,6.17E-03,0.210636853,2.61E-03
0,0,0.13248316,1.20E-02,4.14E-02,6.22E-03,6.86E-02,2.46E-03,0.275724621,3.63E-03
0,0,0.119936403,1.15E-02,6.97E-02,1.23E-02,9.00E-02,5.51E-03,0.126248834,5.36E-03
0,0,8.66E-02,2.50E-02,6.18E-02,1.11E-02,0.183590428,7.33E-03,0.107724496,3.03E-03
0,0,0.102183601,4.53E-03,8.14E-02,1.80E-03,3.15E-02,2.03E-03,0.135350094,1.39E-03
0,0,0.220281996,2.84E-02,9.75E-02,1.54E-02,0.176051541,6.84E-03,0.137019342,6.84E-03
0,0,0.170851879,2.94E-02,6.57E-02,1.44E-02,0.112834939,2.29E-03,9.43E-02,1.77E-03
0,0,0.1108162,2.65E-02,5.25E-02,9.74E-03,1.45E-02,4.87E-03,0.139822353,1.40E-03
0,0,0.194274978,2.49E-02,9.83E-02,1.19E-02,2.02E-02,6.06E-03,0.119221725,1.97E-03
0,0,5.66E-02,4.94E-03,4.76E-02,1.15E-02,0.130043653,8.41E-03,0.135889255,1.89E-03
0,0,0.160880479,4.15E-02,0.151928121,2.97E-03,8.97E-02,2.24E-03,0.143636,2.50E-03
0,0,0.224031744,2.00E-02,2.50E-02,1.24E-02,1.36E-02,4.13E-03,0.113489905,1.81E-03
0,0,7.68E-02,1.46E-03,2.24E-02,8.65E-03,2.90E-02,9.53E-03,7.00E-02,4.16E-03
0,0,0.181254808,2.79E-02,0.315190868,1.49E-02,3.96E-02,6.34E-03,9.26E-02,1.97E-03
0,0,0.155615706,1.48E-02,0.236001044,2.47E-02,7.12E-02,4.35E-03,0.108137161,3.81E-03
0,0,0.246126415,3.53E-02,9.20E-02,1.01E-02,0.159861213,2.37E-03,0.168106369,2.30E-03
0,0,0.15621696,1.35E-02,0.103254109,3.35E-03,0.101212033,5.56E-03,0.136213381,6.79E-03
0,0,7.15E-02,2.23E-02,0.128307069,6.91E-03,4.12E-02,1.59E-03,9.51E-02,3.95E-03
0,0,5.49E-02,1.64E-02,0.158252639,1.51E-03,0.105615827,8.22E-03,0.152713703,4.95E-03
0,0,0.172982813,1.88E-02,9.35E-02,1.29E-02,0.17239703,6.81E-03,0.136981857,1.18E-03
0,0,0.213281966,4.22E-02,4.54E-02,9.70E-03,6.74E-02,7.26E-04,9.19E-02,3.02E-03
0,0,0.111688631,1.45E-02,7.70E-02,6.54E-03,7.26E-02,5.56E-03,8.46E-02,5.51E-03
0,0,4.55E-02,1.32E-02,0.16880049,1.29E-02,0.176939426,7.10E-03,0.120109777,2.63E-03
0,0,0.122923742,2.58E-02,0.103405879,1.12E-02,0.293593406,5.59E-03,0.200551968,1.82E-03
0,0,0.121097667,2.61E-02,0.154673978,1.94E-02,0.108257188,6.23E-03,8.76E-02,3.70E-03
0,0,5.82E-02,1.67E-02,7.81E-02,4.23E-03,0.113249871,2.13E-04,0.124213488,8.70E-04
0,0,0.125212627,3.18E-02,0.250600632,2.16E-02,0.116289653,9.67E-03,0.142807519,2.27E-03
0,0,0.127318631,4.35E-02,0.12604577,1.72E-02,0.185506731,1.25E-02,0.131284341,1.33E-03
0,0,6.33E-03,7.19E-03,0.128837112,1.59E-02,0.122529373,6.43E-03,7.25E-02,5.00E-03
0,0,0.16702711,6.68E-03,0.189353293,2.13E-02,0.124438329,1.26E-02,0.254916438,3.06E-03
0,0,0.233293881,3.93E-02,8.64E-02,1.32E-02,8.89E-02,2.77E-03,0.195602167,3.80E-03
0,0,0.139229781,2.56E-02,3.82E-02,2.92E-03,3.41E-02,4.89E-03,0.195462695,4.16E-03
0,0,0.164828494,2.01E-02,0.119360864,9.67E-03,8.12E-02,6.95E-03,0.181929747,9.82E-04
0,0,9.27E-02,2.40E-02,0.134116696,2.02E-02,8.49E-02,4.75E-03,6.51E-02,2.00E-03
0,0,0.239893431,1.69E-02,4.28E-02,1.43E-02,6.07E-02,1.13E-02,6.00E-02,4.72E-03
0,0,0.126288597,1.77E-02,0.186477879,1.52E-02,9.88E-02,6.72E-03,0.133021468,3.29E-03
0,0,0.217741701,2.71E-02,0.101481039,7.92E-03,0.105300619,1.09E-02,0.12329416,5.34E-03
0,0,0.121501782,3.28E-02,0.225985171,8.10E-03,0.155233133,8.17E-03,0.261846862,5.58E-03
0,0,4.45E-02,1.82E-03,0.150917589,2.02E-02,0.157087235,1.51E-02,0.120350727,3.59E-03
0,0,0.164955155,3.48E-02,5.81E-02,1.23E-02,6.69E-02,2.32E-03,0.197471165,3.63E-03
0,0,0.127650088,1.66E-02,0.19701395,1.66E-02,0.140546045,5.45E-03,8.19E-02,1.28E-03
0,0,5.80E-02,1.50E-03,0.251625843,1.77E-02,0.202970244,1.02E-02,6.44E-02,3.28E-03
0,0,3.75E-02,1.18E-02,0.153867142,1.91E-02,2.64E-02,3.45E-03,8.40E-02,3.13E-03
0,0,0.143049106,2.74E-02,0.150649277,5.32E-03,3.02E-02,5.70E-03,0.201725084,5.97E-03
0,0,5.48E-03,1.16E-02,0.131986828,6.70E-03,9.06E-02,6.63E-03,9.66E-02,5.26E-03
0,0,0.347181233,5.24E-02,4.20E-02,9.08E-03,4.17E-02,5.28E-03,0.172744248,5.24E-03
0,0,0.169347599,3.16E-02,0.103446192,1.04E-02,0.109731104,4.05E-03,0.347182058,5.27E-03
0,0,9.53E-02,1.03E-02,0.156298939,1.04E-02,9.59E-02,5.34E-03,8.36E-02,2.05E-03
0,0,0.11160168,1.90E-02,2.40E-02,7.61E-03,9.48E-02,7.64E-03,0.163004225,3.30E-03
0,0,0.150111242,1.36E-02,7.77E-02,9.30E-03,0.164056311,7.21E-03,8.40E-02,6.22E-04
0,0,0.184952869,3.04E-02,0.149768242,1.50E-02,5.26E-02,6.39E-03,0.15832583,1.84E-03
0,0,0.128399286,6.95E-03,0.138405634,9.49E-03,0.164853142,1.40E-02,0.134781689,4.46E-03
0,0,0.258786114,2.61E-02,3.66E-02,1.27E-02,6.07E-02,4.17E-03,0.112621146,4.69E-03
0,0,8.87E-02,1.58E-02,0.147375512,1.09E-02,4.07E-02,7.41E-03,0.207839767,1.20E-03
0,0,6.90E-02,1.25E-02,0.1770202,2.20E-02,4.47E-02,3.72E-03,0.106716272,1.52E-03
0,0,9.70E-02,2.00E-02,0.199061969,1.87E-02,0.100182236,6.81E-03,0.24608345,3.56E-03
0,0,0.130923606,1.35E-02,0.137135784,7.46E-03,0.122322714,1.08E-02,0.134024575,1.62E-03
0,0,4.67E-02,1.05E-02,0.170245944,1.50E-02,0.121917076,2.19E-03,0.157278812,1.41E-03
0,0,8.78E-02,6.11E-03,0.138555701,1.60E-02,0.102000176,7.46E-03,0.278974555,2.88E-03
0,0,0.117008959,3.62E-02,0.114271001,4.95E-03,0.129855002,3.63E-03,8.20E-02,1.49E-03
0,0,0.165057794,2.25E-02,7.08E-02,3.89E-03,0.123011911,7.52E-03,5.91E-02,4.03E-03
0,0,0.17841231,3.63E-02,7.35E-02,2.80E-03,4.04E-02,5.91E-03,0.110947057,3.47E-03
0,0,0.168027804,3.22E-02,0.143036526,1.60E-02,7.43E-02,5.02E-03,3.60E-02,3.42E-03
0,0,0.170544149,3.00E-02,0.106338575,1.30E-02,0.163025501,3.60E-03,0.106408079,2.80E-03
0,0,0.149550997,1.21E-02,0.221050337,1.09E-02,0.130913467,3.40E-03,0.131004994,3.76E-03
0,0,0.117509953,1.56E-02,0.189916159,1.02E-02,0.218094732,1.54E-02,0.176668421,3.59E-03
0,0,0.150293035,1.92E-02,0.145373933,1.50E-02,4.52E-02,2.84E-03,0.180431696,1.80E-03
0,0,3.51E-02,1.40E-02,0.109997179,2.92E-02,0.141185571,6.35E-03,0.151104592,1.62E-03
0,0,5.67E-02,1.56E-02,0.115668777,1.19E-02,0.108414885,8.55E-03,4.46E-02,6.71E-04
0,0,9.44E-02,2.85E-02,0.173071116,7.29E-03,9.60E-02,3.91E-03,6.23E-02,1.55E-03
0,0,4.86E-02,3.23E-03,8.19E-02,1.18E-02,5.36E-02,1.46E-03,7.92E-02,1.23E-03
0,0,0.120363097,3.14E-02,2.95E-02,9.83E-03,4.21E-02,4.20E-03,0.258742354,2.33E-03
0,0,0.177907039,3.25E-02,8.56E-02,9.57E-03,8.69E-02,6.19E-03,0.215359051,3.24E-03
0,0,5.06E-02,1.34E-02,0.101950407,1.15E-02,0.141931926,2.46E-03,0.134759344,2.49E-03
0,0,8.98E-02,3.05E-02,0.172262672,1.63E-02,6.45E-02,4.11E-03,0.127336219,4.10E-03
0,0,4.49E-02,9.39E-03,7.18E-02,3.59E-03,0.155548652,1.03E-02,9.08E-02,3.40E-03
0,0,0.148145117,3.46E-02,0.144936181,1.59E-02,0.144161336,5.62E-03,0.208314708,2.80E-03
0,0,7.56E-02,5.50E-03,7.42E-02,6.89E-03,3.60E-02,9.71E-03,9.04E-02,8.93E-04
0,0,4.43E-02,1.13E-02,3.67E-02,8.65E-03,7.66E-02,5.39E-03,0.12418346,2.53E-03
0,0,0.10989844,1.18E-02,7.80E-02,5.80E-03,8.53E-02,1.01E-02,2.75E-02,1.49E-03
0,0,2.78E-02,1.50E-02,6.06E-02,3.36E-03,0.137233493,5.11E-03,0.154697344,4.12E-03
0,0,0.247698367,3.77E-02,0.223759936,2.19E-02,0.17261651,2.34E-03,0.192133834,4.26E-03
0,0,0.171970006,9.13E-03,0.156051169,1.35E-02,0.325753291,1.06E-02,0.119752076,3.05E-03
0,0,0.107726684,3.29E-02,0.115787356,1.23E-02,0.314600181,1.00E-02,0.127499253,2.02E-03
0,0,0.182148468,4.05E-02,8.47E-02,4.78E-03,0.282116249,5.67E-03,0.20725336,3.07E-03
0,0,3.97E-02,3.41E-03,0.235264216,1.92E-02,0.15006923,5.14E-03,0.13425828,1.77E-03
0,0,9.35E-02,1.79E-02,0.105308659,1.02E-02,0.103057336,5.39E-03,0.237431152,3.94E-03
0,0,0.139691325,1.34E-02,1.38E-02,7.27E-03,0.101699942,1.16E-02,6.55E-02,3.33E-03
0,0,5.27E-02,1.83E-02,0.191895054,9.60E-03,5.79E-02,4.94E-03,6.34E-02,3.32E-03
0,0,0.103572842,2.53E-02,6.99E-02,1.11E-02,0.117657148,7.50E-03,0.196807501,2.79E-03
0,0,0.246927504,4.26E-02,0.146169821,1.78E-02,0.190829133,7.71E-03,0.176860331,1.31E-03
0,0,0.156697997,3.25E-02,0.226545394,3.96E-02,8.41E-02,4.44E-03,0.227873404,5.10E-03
0,0,0.249703493,5.11E-02,0.196156694,2.19E-02,5.82E-02,5.49E-03,6.75E-02,4.67E-03
0,0,0.165508763,3.08E-02,0.113304444,1.56E-02,0.146427743,4.82E-03,0.182325122,2.84E-03
0,0,0.155652322,7.83E-03,0.163009731,4.87E-03,0.147774552,7.92E-03,0.125987415,3.04E-03
0,0,7.87E-02,2.43E-02,5.22E-02,1.35E-02,0.124660028,4.54E-03,7.91E-02,1.68E-03
0,0,0.105088138,3.47E-03,6.04E-02,4.38E-03,6.19E-02,1.50E-03,0.294854965,3.39E-03
0,0,0.137341468,2.28E-02,0.144477551,3.24E-02,0.224395652,7.76E-03,0.11098269,1.35E-03
0,0,0.156654411,1.48E-02,0.188458566,8.12E-03,6.50E-02,4.34E-03,0.162610577,4.29E-03
0,0,0.175287588,1.32E-02,0.13503263,1.42E-02,8.27E-02,1.74E-03,0.148891667,6.78E-04
0,0,0.23999412,2.47E-02,0.167034399,1.27E-02,0.160024575,6.94E-03,0.21822013,2.75E-03
0,0,0.124855506,5.02E-03,0.11977271,1.30E-02,0.125435246,4.04E-03,0.128478921,8.95E-04
0,0,0.21357605,3.46E-02,0.177297902,1.35E-02,3.60E-02,1.34E-04,0.238892852,3.56E-04
0,0,0.150678346,3.37E-02,0.239979336,1.70E-02,0.208568635,8.07E-03,6.67E-02,3.02E-03
0,0,4.02E-02,1.00E-02,0.10121596,8.07E-03,0.115041966,2.71E-03,2.51E-02,2.40E-03
0,0,0.141755766,1.38E-02,9.63E-02,1.79E-02,9.98E-02,2.56E-03,8.01E-02,1.58E-03
0,0,0.199719168,1.19E-02,9.18E-02,6.88E-03,0.10476968,5.30E-03,7.95E-02,5.79E-03
0,0,0.1361581,2.46E-02,9.49E-02,9.83E-03,0.10469783,1.87E-03,8.00E-02,4.10E-03
0,0,0.146279963,1.15E-02,2.89E-02,1.28E-02,0.120549243,1.29E-02,3.66E-02,4.06E-03
0,0,4.43E-02,2.39E-02,6.78E-02,1.20E-02,0.104582522,3.36E-03,8.99E-02,3.93E-03
0,0,0.170493877,3.03E-02,2.25E-02,1.72E-03,5.01E-02,7.29E-03,0.286334982,2.45E-03
0,0,7.12E-02,7.29E-03,5.21E-02,5.54E-03,1.60E-02,5.47E-03,0.121934376,5.24E-04
0,0,0.174297852,2.58E-02,7.64E-02,1.31E-02,9.95E-02,4.93E-03,5.52E-02,1.89E-03
0,0,0.144275708,2.73E-02,9.46E-02,1.38E-02,9.83E-02,6.72E-03,1.32E-02,1.65E-03
0,0,0.177182762,3.30E-02,8.86E-02,4.77E-03,0.211153946,5.39E-03,6.09E-02,6.00E-03
0,0,0.226506361,4.04E-02,0.19707293,1.12E-02,0.151981266,1.36E-02,0.155634508,1.81E-03
0,0,0.118690589,2.84E-02,0.124699158,1.08E-02,0.298925517,1.56E-02,0.135573457,2.42E-03
0,0,7.33E-02,8.14E-03,0.159193115,1.37E-02,0.151009878,9.71E-03,2.41E-02,3.27E-03
0,0,0.137217575,3.14E-02,9.26E-02,9.99E-03,0.123572662,6.57E-03,0.10812787,1.00E-03
0,0,9.70E-02,2.02E-02,0.159732957,1.23E-02,0.171490388,6.27E-03,0.112141973,3.28E-03
0,0,0.25168321,3.47E-02,0.15909669,2.10E-02,6.98E-02,1.45E-03,0.266467286,4.16E-03
0,0,0.12027986,2.72E-02,2.23E-02,1.36E-02,0.177862491,2.43E-03,0.184299159,4.29E-03
0,0,0.13627962,2.09E-02,0.160007474,1.49E-02,0.194210633,5.67E-03,0.141526458,4.22E-03
0,0,0.134183156,2.91E-02,0.143850975,1.16E-02,0.15319446,7.31E-03,7.85E-02,2.99E-03
0,0,0.164148839,2.47E-02,8.70E-02,1.38E-02,8.96E-02,7.36E-03,0.154718358,2.08E-03
0,0,2.83E-02,1.36E-02,8.57E-02,2.61E-03,0.111727358,5.35E-03,1.90E-02,2.90E-03
0,0,0.155362464,8.50E-03,0.102980788,7.98E-03,0.131134394,2.98E-03,5.47E-02,3.63E-03
0,0,1.89E-02,2.10E-02,0.157542799,2.18E-02,0.249564451,3.03E-03,8.41E-02,3.33E-03
0,0,0.16428117,1.09E-02,0.120460241,1.33E-02,0.109192679,4.17E-03,6.61E-02,3.86E-03
0,0,0.305564029,4.04E-02,9.13E-02,1.27E-02,0.143834739,7.82E-03,0.160035047,1.14E-03
0,0,0.186838359,3.79E-02,0.114554469,1.15E-02,0.105109556,5.89E-03,5.48E-02,5.44E-03
0,0,8.89E-02,1.12E-02,0.162133375,3.47E-03,7.48E-02,2.51E-03,7.74E-02,3.07E-03
0,0,3.90E-02,1.24E-02,0.255270967,1.85E-02,0.115931646,5.74E-03,0.235463785,1.06E-03
0,0,0.173296743,1.07E-02,5.53E-02,1.09E-02,4.52E-02,8.55E-03,0.206393394,2.49E-03
0,0,0.185025935,2.95E-02,5.34E-02,7.27E-03,0.198879398,7.03E-03,4.49E-02,1.55E-03
0,0,7.52E-02,2.27E-02,4.97E-02,7.97E-03,6.05E-02,5.11E-03,0.218381684,6.53E-03
0,0,5.68E-02,2.17E-03,0.23398545,1.87E-02,0.212546766,1.02E-02,0.173436538,1.55E-03
0,0,0.17157913,4.40E-02,0.140516628,2.23E-02,0.123576837,6.58E-03,0.102569354,2.57E-03
0,0,0.178051147,4.24E-02,0.101951129,1.59E-02,0.103411964,1.06E-02,0.112459757,5.26E-04
0,0,0.116790626,9.23E-03,0.132857236,1.14E-02,0.233878869,8.31E-03,0.114300782,3.63E-03
0,0,0.139396449,3.18E-02,6.67E-02,1.02E-02,0.121912247,9.67E-03,6.00E-02,8.95E-04
0,0,0.137862467,2.18E-02,4.38E-02,8.64E-03,0.105678839,4.47E-03,0.12732457,3.37E-03
0,0,7.12E-02,1.66E-02,5.49E-02,1.30E-02,0.12671432,1.48E-03,0.167021659,3.58E-03
0,0,5.16E-02,4.10E-03,0.217002327,1.49E-02,7.83E-02,5.14E-03,5.45E-02,2.22E-03
0,0,7.13E-02,3.72E-02,8.53E-02,1.01E-02,0.169028766,7.26E-03,0.114723845,9.79E-04
0,0,8.48E-02,2.67E-02,0.183262337,1.41E-02,0.113729023,7.05E-03,9.05E-02,3.57E-03
0,0,5.66E-02,1.95E-02,0.148361288,2.18E-02,0.108607135,9.04E-03,0.294923355,3.02E-03
0,0,0.201300557,1.80E-02,0.202173228,1.90E-02,8.43E-02,2.99E-03,0.10017646,3.85E-03
0,0,7.87E-02,1.67E-02,0.137779251,2.26E-02,0.160868702,1.17E-02,0.23860257,3.63E-03
0,0,0.189856253,1.70E-02,0.145609664,8.38E-03,4.40E-02,7.97E-03,7.84E-02,4.31E-03
0,0,7.66E-02,7.85E-03,0.18232487,1.11E-02,0.119197768,3.06E-03,0.100730556,5.01E-03
0,0,0.275805163,3.71E-02,7.40E-02,2.08E-03,0.307021351,1.06E-02,0.138009798,1.22E-03
0,0,0.139082567,1.94E-02,8.62E-02,3.84E-03,0.116600331,7.68E-03,7.71E-02,2.58E-03
0,0,8.44E-02,1.14E-02,2.65E-02,1.05E-02,8.49E-02,3.32E-03,0.149116107,3.43E-03
0,0,0.128338768,9.32E-03,0.119682793,1.38E-02,0.157790534,1.67E-03,0.211180388,1.74E-03
0,0,0.101226626,1.96E-02,0.12923853,1.37E-02,2.78E-02,3.55E-03,0.118723361,4.60E-03
0,0,7.69E-02,2.02E-02,3.51E-02,1.12E-02,0.176211964,4.39E-03,1.51E-02,1.73E-03
0,0,0.183371448,2.70E-02,0.121118966,1.57E-02,0.243859062,1.02E-02,0.129358805,5.49E-03
0,0,2.04E-02,8.97E-03,0.180410653,1.04E-02,2.32E-02,9.15E-03,9.23E-02,2.41E-03
0,0,8.58E-02,7.75E-03,5.93E-02,6.23E-03,7.66E-02,4.49E-03,0.184510248,2.75E-03
0,0,3.58E-02,1.33E-02,5.38E-02,7.11E-03,6.15E-02,7.93E-03,0.15909618,1.90E-03
0,0,0.147242505,9.21E-03,0.217050002,2.65E-02,6.08E-02,8.14E-03,6.25E-02,6.04E-03
0,0,7.26E-02,1.69E-02,0.123982803,6.23E-03,9.39E-02,2.38E-03,0.157664756,6.10E-04
0,0,0.146449026,2.98E-02,8.66E-02,1.74E-03,0.22046402,5.29E-03,0.253112608,5.10E-03
0,0,0.101639337,2.98E-02,6.33E-02,6.17E-03,0.16748015,5.24E-03,4.80E-02,3.42E-03
0,0,9.20E-02,1.94E-02,0.107505176,4.46E-03,0.16075822,2.86E-03,9.75E-02,3.48E-03
0,0,5.08E-02,1.15E-02,0.200388909,2.43E-02,0.119785613,1.26E-03,6.79E-02,4.59E-03
0,0,9.05E-02,9.06E-03,6.26E-02,3.09E-03,0.244326831,1.45E-02,6.47E-02,5.12E-03
0,0,5.07E-02,5.16E-03,6.96E-02,6.87E-03,4.50E-02,3.13E-03,3.55E-02,4.92E-03
0,0,3.20E-02,1.89E-02,0.206292481,2.80E-02,8.88E-02,4.77E-03,0.243026687,2.61E-03
0,0,0.127548606,2.35E-02,0.129710388,8.85E-03,7.79E-02,8.09E-03,0.173802864,2.23E-04
0,0,8.82E-02,1.93E-02,0.106084181,1.40E-02,0.301464857,7.82E-03,9.25E-02,5.19E-03
0,0,9.07E-02,2.18E-02,9.53E-02,7.63E-03,0.131719312,2.49E-03,0.157992025,3.56E-03
0,0,5.02E-02,1.70E-02,3.70E-02,1.54E-03,0.105946214,8.14E-03,0.209941649,3.33E-03
0,0,3.78E-02,4.27E-03,8.34E-02,6.44E-03,0.12798353,7.34E-03,0.125009836,1.80E-03
0,0,0.150111741,2.53E-02,0.18420645,2.32E-02,9.12E-02,2.41E-03,0.171931043,4.75E-03
0,0,0.15675932,2.41E-02,0.200337231,1.31E-02,0.181656363,2.65E-03,5.60E-02,6.68E-03
0,0,0.253981707,4.47E-02,0.209560092,2.33E-02,0.175018203,4.40E-03,0.241497323,3.28E-03
0,0,0.187762065,2.18E-02,0.182818905,1.81E-02,0.106419612,5.47E-03,0.142462339,4.11E-03
0,0,0.228739714,4.81E-02,0.149910201,2.74E-02,0.285640904,6.56E-03,0.134069595,5.67E-03
0,0,0.147602616,2.49E-02,0.125485921,8.47E-03,0.249178353,4.97E-03,0.205044351,4.50E-03
0,0,7.96E-02,2.82E-02,1.04E-02,1.73E-02,0.164682922,1.34E-02,0.162126245,2.33E-03
0,0,0.144194625,2.88E-02,0.110943092,1.44E-02,4.94E-02,4.69E-03,0.122556773,3.45E-03
0,0,0.134110707,1.95E-02,8.49E-02,1.01E-02,8.76E-02,1.11E-02,0.181207206,2.27E-03
0,0,4.86E-02,1.92E-02,6.52E-02,5.19E-03,0.144170083,5.34E-03,0.101688452,3.84E-03
0,0,3.38E-02,1.78E-02,0.158346141,9.33E-03,0.144215908,1.09E-03,4.56E-02,2.02E-03
0,0,8.59E-02,2.25E-02,0.143331612,1.16E-02,0.216720336,5.93E-03,0.171858739,1.76E-03
0,0,0.129589178,2.01E-02,3.63E-02,8.34E-03,0.181503211,1.23E-02,8.62E-02,4.95E-03
0,0,1.47E-02,1.11E-02,9.30E-02,7.66E-03,0.119486411,6.47E-03,7.24E-02,4.07E-03
0,0,0.159751099,1.67E-02,0.124754708,1.20E-02,0.220630074,1.03E-02,0.106126137,3.05E-03
0,0,0.178104839,3.12E-02,0.116429355,1.61E-02,0.157938248,1.11E-02,9.30E-02,1.01E-03
0,0,0.16627454,2.20E-02,0.137204927,1.31E-02,0.128844069,1.00E-03,4.61E-02,1.43E-03
0,0,3.74E-02,2.75E-02,7.95E-02,1.33E-02,0.192771867,3.81E-03,3.41E-02,4.73E-03
0,0,2.52E-02,3.44E-02,9.92E-02,4.24E-03,0.125068515,5.92E-03,1.46E-02,2.47E-03
0,0,8.82E-02,1.24E-02,0.166788969,1.79E-02,9.43E-02,4.98E-03,8.11E-02,2.83E-03
0,0,2.19E-02,1.14E-02,9.75E-02,1.63E-02,0.272150328,1.55E-02,0.187491954,2.19E-03
0,0,0.2366474,4.89E-02,9.21E-02,4.29E-03,0.117486046,2.19E-03,0.232892545,5.30E-03
0,0,0.204886459,2.69E-02,0.148127529,1.58E-02,2.70E-02,3.04E-03,0.151255926,5.66E-03
0,0,0.206132496,1.81E-02,9.97E-02,1.17E-02,6.57E-02,1.20E-02,0.138384136,1.01E-03
0,0,7.83E-02,9.14E-03,0.214733578,3.25E-02,0.106472526,1.80E-03,0.224791737,3.53E-03
0,0,6.32E-02,1.91E-02,6.82E-02,9.43E-03,0.109542328,5.41E-03,0.108941303,1.81E-03
0,0,0.143287538,1.24E-02,0.18341305,9.14E-03,0.137874272,7.47E-03,0.220708874,1.30E-03
0,0,0.114114709,9.56E-03,2.94E-02,3.59E-03,0.116382922,4.32E-03,3.91E-02,2.47E-03
0,0,0.153882576,3.73E-02,3.44E-02,7.09E-03,9.30E-02,1.87E-03,5.72E-02,3.19E-03
0,0,0.150582289,2.44E-02,0.271089067,2.89E-02,0.202797459,8.83E-03,0.171291617,1.27E-03
0,0,4.46E-02,4.32E-03,0.136364971,3.31E-03,2.65E-02,3.05E-03,0.104617175,7.66E-04
0,0,0.107363029,1.45E-02,0.189516653,1.22E-02,0.204146414,6.90E-03,0.116193304,4.96E-03
0,0,0.107378059,5.90E-03,0.173271197,1.14E-02,0.116897311,7.96E-03,0.157914534,3.29E-03
0,0,0.130328448,1.75E-02,7.37E-02,2.62E-03,0.142209154,5.72E-03,0.180470902,3.06E-03
0,0,0.191569879,3.75E-02,7.58E-02,2.60E-03,0.238127735,3.69E-03,0.153016455,1.86E-03
0,0,2.81E-02,6.93E-03,0.155212284,2.21E-02,1.48E-02,5.44E-03,0.196343378,1.99E-03
0,0,0.138061945,2.01E-02,7.40E-02,1.11E-02,0.280511744,4.49E-03,0.174597296,5.40E-03
0,0,8.95E-02,5.91E-03,6.73E-02,1.12E-02,9.75E-02,4.35E-03,4.14E-02,1.81E-03
0,0,0.181076105,3.52E-02,5.76E-02,2.55E-03,0.104067745,3.45E-03,0.120106931,7.15E-03
0,0,0.268075282,2.84E-02,4.91E-02,8.11E-03,0.116730787,1.11E-02,7.46E-02,5.42E-03
0,0,0.168730499,1.61E-02,0.119189656,1.31E-02,8.34E-02,4.58E-03,8.56E-02,6.24E-03
0,0,0.102375028,1.61E-02,0.102941809,1.05E-02,0.182590808,6.40E-03,0.10742569,3.79E-03
0,0,0.145654732,2.71E-03,0.16750734,7.92E-03,0.164852688,6.53E-03,0.226402697,7.85E-03
0,0,0.173858655,2.13E-02,0.1778921,1.00E-02,5.02E-02,2.96E-03,3.37E-02,5.30E-03
0,0,0.112800943,1.40E-02,0.168078556,2.46E-02,0.348342264,1.53E-02,0.250083158,5.90E-03
0,0,8.35E-02,3.60E-02,0.182194838,2.26E-02,0.128696331,5.81E-03,0.24625556,7.13E-03
0,0,0.172952513,1.90E-02,0.199595405,1.15E-02,5.98E-02,5.03E-03,0.106751025,2.97E-03
0,0,0.10201159,2.06E-02,0.153071867,1.40E-02,9.13E-02,7.83E-03,0.113035862,3.68E-03
0,0,0.134585926,8.47E-03,0.162341379,1.41E-02,0.18198498,5.31E-03,0.305329146,5.07E-03
0,0,0.101314226,7.79E-03,0.258876946,2.69E-03,0.103293143,4.47E-03,0.213001375,6.99E-03
0,0,6.77E-02,1.02E-02,0.122257025,6.97E-03,0.140621264,2.60E-03,8.28E-02,4.37E-03
0,0,0.142034615,1.38E-02,6.14E-02,7.97E-03,0.143417164,1.00E-02,0.147541324,3.58E-03
0,0,0.169691302,2.81E-02,0.148451539,5.93E-03,4.29E-02,4.83E-03,9.67E-02,9.92E-04
0,0,5.04E-02,1.84E-02,0.158050868,2.07E-02,9.15E-02,8.69E-03,6.03E-02,7.93E-03
0,0,3.75E-02,9.60E-03,9.65E-02,5.33E-03,6.50E-02,3.10E-03,3.82E-02,3.70E-03
0,0,0.170658278,2.74E-02,0.23363975,1.60E-02,0.327085165,1.62E-03,0.29989832,3.12E-03
0,0,4.87E-02,4.96E-03,8.39E-02,1.23E-02,0.103994608,4.35E-03,0.116592159,3.36E-03
0,0,7.77E-02,2.56E-03,7.16E-02,7.51E-03,6.56E-02,7.98E-03,0.240689095,1.24E-03
0,0,0.132320919,2.41E-02,0.132353071,1.52E-02,7.64E-02,4.98E-03,8.03E-02,3.25E-03
0,0,0.132705186,1.92E-03,0.149852169,1.26E-02,0.111780254,4.84E-03,0.220560621,2.82E-03
0,0,3.66E-02,1.20E-02,0.103166488,6.92E-03,9.35E-02,6.86E-03,0.152781758,3.09E-03
0,0,0.116736367,3.30E-03,0.21572973,2.47E-02,0.110928793,1.43E-02,0.122959771,3.57E-03
0,0,9.67E-02,2.05E-02,0.218639534,1.84E-02,3.67E-02,4.98E-03,0.190744971,2.32E-03
0,0,3.18E-02,2.35E-02,1.63E-02,4.57E-03,0.242246579,9.76E-03,8.99E-02,3.63E-03
0,0,0.1610007,3.42E-02,0.186907062,1.35E-02,8.40E-02,6.22E-03,3.49E-02,3.21E-03
0,0,3.88E-02,3.51E-02,7.10E-02,1.23E-02,6.81E-02,2.74E-03,0.10229085,9.71E-04
0,0,0.20543706,2.55E-02,2.82E-02,4.90E-03,8.68E-02,1.12E-02,0.212614982,4.81E-03
0,0,9.69E-02,1.08E-02,9.83E-02,1.69E-02,8.28E-02,3.97E-03,5.71E-02,1.19E-03
0,0,8.34E-02,3.52E-03,5.37E-02,1.19E-02,1.78E-02,3.23E-03,2.66E-02,4.82E-04
0,0,9.53E-02,1.03E-02,6.68E-02,2.28E-03,6.92E-02,9.88E-03,4.60E-02,2.86E-03
0,0,5.73E-02,7.29E-03,0.110908253,1.47E-02,3.26E-02,5.23E-03,5.47E-02,5.83E-04
0,0,7.95E-02,1.51E-02,0.164667525,1.51E-02,4.88E-02,3.02E-03,1.10E-02,4.33E-03
0,0,9.14E-02,1.10E-02,0.11795711,9.98E-03,8.25E-02,3.89E-03,0.147168523,1.15E-03
0,0,0.173041495,1.93E-02,5.09E-02,4.25E-03,8.01E-02,7.52E-03,0.163921492,6.36E-03
0,0,0.188232252,2.65E-02,0.163218322,1.69E-02,7.55E-02,6.36E-03,0.210783964,2.59E-03
0,0,0.100442442,2.34E-02,8.11E-02,7.42E-03,6.79E-02,5.03E-03,6.19E-02,2.97E-03
0,0,0.119457695,1.91E-02,6.89E-02,1.27E-02,8.10E-02,3.86E-03,9.24E-02,1.65E-03
0,0,7.23E-02,2.05E-02,0.240192179,1.70E-02,9.76E-02,1.16E-02,1.84E-02,4.95E-03
0,0,2.78E-02,1.79E-02,8.60E-02,8.26E-03,4.54E-02,5.60E-03,0.280096138,4.57E-03
0,0,8.94E-02,2.08E-02,9.81E-02,1.45E-02,0.115846935,5.04E-03,0.106077884,7.10E-04
0,0,4.63E-02,2.02E-02,0.1620727,9.67E-03,2.02E-02,9.21E-03,0.145246933,2.86E-03
0,0,5.63E-02,6.75E-03,0.104889958,1.19E-02,0.104290777,5.43E-03,0.184668198,3.38E-03
0,0,4.03E-02,2.09E-02,0.281786933,2.72E-02,3.44E-02,3.55E-03,4.98E-02,3.05E-03
0,0,0.18844277,3.50E-02,0.202163464,1.95E-02,8.19E-02,1.54E-02,0.103973678,2.93E-03
0,0,8.95E-02,2.68E-02,0.108405953,1.10E-02,9.94E-02,4.74E-03,0.196307726,2.76E-03
0,0,8.79E-02,1.98E-03,0.12806569,9.17E-03,9.63E-02,5.85E-03,9.58E-02,1.53E-03
0,0,0.161841929,1.02E-02,0.190855235,2.77E-03,0.111090336,5.62E-03,0.191205447,1.92E-04
0,0,0.173859379,2.23E-02,0.152140816,1.73E-02,8.60E-02,3.28E-03,0.13179751,2.18E-03
0,0,0.209581732,3.45E-02,0.141741841,1.94E-02,5.29E-02,5.29E-03,5.70E-02,5.73E-03
0,0,6.15E-02,2.12E-02,6.65E-02,1.05E-02,4.19E-02,2.89E-03,0.117002866,1.60E-03
0,0,0.152067517,2.97E-02,0.251315761,1.76E-02,7.78E-02,6.53E-03,0.184036854,1.09E-03
0,0,3.21E-02,1.30E-02,0.223100827,2.44E-02,7.62E-02,8.02E-03,7.44E-02,1.11E-03
0,0,0.109376588,1.18E-02,0.123205564,1.31E-02,9.21E-02,1.08E-02,0.134551704,4.55E-03
0,0,0.10457429,5.50E-03,3.35E-02,1.39E-02,5.70E-02,5.85E-03,9.16E-02,3.81E-03
0,0,0.111290344,2.39E-02,8.09E-02,1.48E-02,0.109791376,9.07E-03,8.43E-02,1.40E-03
0,0,8.55E-02,9.98E-03,7.07E-02,9.82E-03,9.32E-02,6.68E-03,0.175497674,2.24E-03
0,0,0.216104572,2.49E-02,9.74E-02,1.38E-02,4.24E-02,5.37E-03,0.233556394,9.76E-04
0,0,0.137592347,2.67E-02,0.315406954,2.44E-02,0.202283929,2.01E-03,5.65E-02,4.95E-03
0,0,9.69E-02,6.94E-03,7.50E-02,1.33E-02,0.106779833,1.14E-02,0.137369747,1.26E-03
0,0,0.16597667,2.61E-02,0.199049992,7.94E-03,3.81E-02,1.39E-02,0.141689333,4.01E-03
0,0,8.87E-02,2.59E-02,0.175843038,1.58E-02,0.129375277,6.54E-03,0.133679944,1.51E-03
0,0,8.27E-02,1.06E-02,0.120912596,7.66E-03,0.1034079,1.29E-03,4.25E-02,3.28E-03
0,0,5.38E-02,1.35E-02,6.94E-02,1.45E-02,0.128009528,6.96E-03,0.188450156,1.45E-03
0,0,0.121332036,1.50E-02,0.189612725,1.32E-02,0.24495374,6.66E-03,1.61E-02,1.33E-03
0,0,7.60E-02,1.83E-02,0.114962577,8.07E-03,0.182778126,4.51E-03,6.81E-02,1.73E-03
0,0,0.101313206,2.83E-02,5.91E-02,1.09E-02,8.30E-02,3.96E-03,0.100239344,1.02E-03
0,0,0.199107136,2.68E-02,1.78E-02,4.20E-03,0.273126795,1.50E-02,3.28E-02,3.34E-03
0,0,0.148432427,1.37E-02,8.31E-02,9.53E-03,0.208767813,5.74E-03,0.185614978,2.84E-03
0,0,0.219635745,4.36E-02,0.223029353,1.31E-02,5.79E-02,4.60E-03,0.228477251,5.25E-03
0,0,8.09E-02,1.89E-02,0.14121589,2.01E-02,0.135546566,2.24E-03,5.90E-02,3.83E-03
0,0,0.275688397,4.62E-02,0.161468772,1.83E-02,6.20E-02,1.09E-02,0.245469938,1.34E-03
0,0,0.155024048,2.67E-02,0.1108135,1.58E-02,3.29E-02,2.44E-03,8.65E-02,3.02E-03
0,0,2.77E-02,6.60E-03,0.140706418,6.93E-03,0.236738226,1.46E-02,0.161814496,1.70E-03
0,0,0.222080086,3.42E-02,0.120721555,1.29E-02,6.36E-02,8.64E-03,0.119041539,1.27E-03
0,0,0.1150145,1.29E-02,6.39E-02,6.91E-03,0.131323892,8.89E-03,9.76E-02,2.38E-03
0,0,0.151182089,4.25E-02,4.66E-02,2.41E-03,0.100513149,6.15E-03,9.39E-02,3.78E-03
0,0,0.1137631,9.32E-03,8.05E-02,1.23E-02,8.92E-02,2.75E-03,0.125688146,1.77E-03
0,0,0.152530607,2.23E-02,6.32E-02,7.99E-03,5.82E-02,1.04E-02,6.18E-02,4.22E-03
0,0,7.65E-02,5.58E-03,6.67E-02,8.11E-03,0.126605082,4.51E-03,0.181281164,8.38E-03
0,0,8.65E-02,1.64E-02,0.100158277,1.04E-02,0.185877475,3.83E-03,0.345040721,4.28E-03
0,0,0.108032682,2.92E-02,0.123475253,6.65E-03,0.290596629,9.93E-03,5.89E-02,1.03E-03
0,0,0.127769954,2.53E-02,0.115977004,2.52E-02,5.76E-02,4.47E-03,0.238025321,5.03E-03
0,0,0.121643512,8.80E-03,0.123667614,5.72E-03,6.89E-02,4.69E-03,0.133296837,4.72E-03
0,0,0.15111138,2.26E-02,5.26E-02,7.81E-03,9.58E-02,2.32E-03,4.96E-02,5.24E-03
0,0,0.107359262,2.07E-02,0.318455804,2.18E-02,0.115924434,7.06E-03,0.139768994,5.83E-03
0,0,7.83E-03,1.20E-02,0.195304326,1.80E-02,0.106976665,2.49E-03,7.69E-02,1.32E-03
0,0,6.93E-02,1.41E-02,0.147918652,2.69E-02,9.82E-02,6.55E-03,0.284545724,1.39E-03
0,0,0.135150568,2.33E-02,5.98E-02,4.70E-03,0.221239519,1.22E-02,0.152463897,1.30E-03
0,0,0.212533161,3.26E-02,7.03E-02,6.34E-03,8.71E-02,2.90E-03,0.200637482,4.36E-04
0,0,9.38E-02,2.99E-02,0.103286922,1.65E-02,9.52E-02,2.06E-03,0.236700828,3.39E-03
0,0,0.110326304,2.08E-02,7.76E-02,2.42E-02,3.20E-02,2.97E-03,0.193433198,1.69E-03
0,0,8.51E-02,1.56E-02,0.137073179,2.73E-02,0.131577953,5.34E-03,0.160055116,2.48E-03
0,0,8.05E-02,3.71E-03,0.153459499,1.15E-02,4.03E-02,3.22E-03,0.136230085,3.52E-03
0,0,5.10E-02,1.18E-02,0.143777805,1.89E-02,0.182213989,1.02E-02,0.137055992,1.59E-03
0,0,8.40E-02,2.89E-02,9.77E-02,1.25E-02,3.80E-02,1.75E-03,0.193803089,3.21E-03
0,0,0.144780668,1.51E-02,0.121687465,1.10E-02,9.20E-02,4.68E-03,4.66E-02,4.01E-03
0,0,1.82E-02,8.65E-03,7.70E-02,9.40E-03,0.137654515,1.10E-02,0.104835432,2.57E-03
0,0,7.81E-02,1.72E-02,0.260964975,3.22E-02,0.202697233,4.39E-03,0.239813378,4.33E-03
0,0,0.140460751,3.38E-02,9.54E-02,1.33E-02,0.21175914,1.18E-02,7.81E-02,5.03E-03
0,0,6.89E-02,1.08E-02,8.14E-02,1.67E-02,0.171859573,3.12E-03,0.11467788,1.72E-03
0,0,7.10E-02,8.39E-03,0.154797867,1.71E-02,8.38E-02,9.50E-03,0.137676303,1.43E-03
0,0,0.156179078,1.39E-02,8.11E-02,5.78E-03,0.10605428,6.83E-03,0.100503198,1.28E-03
0,0,0.170097364,2.65E-02,8.41E-02,2.74E-03,0.157282183,5.50E-03,9.17E-02,1.09E-03
0,0,0.23033535,4.24E-02,0.199368059,1.96E-02,0.161287022,3.52E-03,0.163689372,6.49E-03
0,0,0.161471453,2.35E-02,8.26E-02,1.03E-02,0.114599188,2.30E-03,0.132568143,3.47E-03
0,0,0.172014854,3.27E-02,0.119097108,1.20E-02,8.53E-02,2.88E-03,0.11963293,4.26E-03
0,0,0.158902118,2.31E-02,7.35E-02,5.76E-03,0.234567685,7.50E-03,0.192158373,4.32E-03
0,0,5.47E-02,7.35E-03,0.138225795,1.41E-02,0.165045574,4.86E-03,0.258478153,2.22E-03
0,0,6.59E-02,1.36E-02,6.92E-02,1.09E-02,0.146618559,8.24E-03,0.158407323,1.75E-03
0,0,6.34E-02,8.07E-03,0.117578983,7.59E-03,0.112214983,4.41E-03,9.98E-02,3.72E-03
0,0,6.22E-02,2.45E-02,0.133797227,9.54E-03,0.119671921,1.20E-03,0.126262124,3.52E-03
0,0,0.101402613,1.30E-02,1.45E-02,1.17E-02,0.11013659,1.21E-02,7.07E-02,2.20E-03
0,0,0.174278002,2.80E-02,5.78E-02,6.41E-03,0.236281097,3.87E-03,0.137494781,3.09E-03
0,0,0.223351721,1.47E-02,0.225062516,3.56E-02,1.01E-02,3.50E-03,0.218329455,4.31E-03
0,0,6.22E-02,1.57E-02,0.196728446,1.17E-02,0.175885204,3.22E-03,0.115984558,8.63E-04
0,0,6.99E-02,1.52E-02,0.139277084,1.18E-02,8.50E-02,7.81E-03,0.207595428,3.73E-03
0,0,0.162910879,2.01E-02,7.57E-02,1.88E-02,5.85E-02,3.47E-03,0.179269331,2.16E-03
0,0,8.46E-02,1.05E-02,0.210121681,1.30E-02,0.227439052,6.51E-03,0.252600133,2.47E-03
0,0,7.67E-02,9.26E-03,0.12414999,4.95E-03,0.124290445,8.31E-03,0.12205545,6.03E-03
0,0,0.204443268,1.08E-02,0.238858877,2.26E-02,6.99E-02,1.58E-03,0.22497961,6.31E-03
0,0,0.140672696,1.59E-02,0.137643844,1.09E-02,1.31E-02,5.14E-03,9.16E-02,3.61E-03
0,0,0.210806289,4.17E-02,4.15E-02,8.81E-03,3.24E-02,1.42E-03,0.192563535,4.51E-03
0,0,0.179970561,1.28E-02,6.83E-02,1.21E-02,8.42E-02,9.61E-03,8.74E-02,2.20E-03
0,0,0.194512822,1.60E-02,5.87E-02,6.88E-03,7.26E-02,8.26E-03,0.23939782,6.61E-03
0,0,0.157141601,1.34E-02,0.130907673,1.11E-02,0.115509326,7.69E-03,0.183920209,2.24E-03
0,0,0.126589056,3.61E-02,0.136875241,9.18E-03,4.19E-02,4.69E-03,3.92E-02,1.07E-03
0,0,0.107837206,2.25E-02,5.72E-02,1.03E-02,0.208489497,1.60E-02,0.120543516,3.14E-03
0,0,0.100039903,2.17E-02,9.30E-02,8.43E-03,0.177230074,8.25E-03,8.03E-02,2.35E-03
0,0,2.66E-02,5.50E-03,0.134032273,1.53E-02,2.43E-02,4.27E-03,6.17E-02,2.11E-03
0,0,5.88E-02,1.25E-02,7.12E-02,7.67E-03,0.135561558,4.94E-03,8.64E-02,7.63E-04
0,0,9.22E-03,1.91E-02,4.45E-02,1.39E-02,0.214258982,1.06E-02,0.344824534,4.12E-03
0,0,0.154360294,2.47E-02,0.142553515,3.25E-03,0.201744333,8.14E-03,1.46E-02,1.34E-03
0,0,0.11726797,2.35E-02,8.04E-02,5.86E-03,8.02E-02,5.33E-03,0.188974205,2.47E-03
0,0,0.192256776,2.01E-02,0.163879837,2.18E-02,0.159047161,4.51E-03,8.82E-02,4.93E-03
0,0,0.165928812,3.10E-02,7.97E-02,3.00E-03,0.117673823,5.22E-03,0.110016121,2.74E-03
0,0,0.114832486,3.32E-02,7.84E-02,2.20E-02,0.106974204,6.00E-03,7.74E-02,2.56E-03
0,0,0.123235685,9.22E-03,8.78E-02,7.72E-03,5.35E-02,8.04E-03,7.53E-02,2.02E-03
0,0,1.81E-02,8.06E-03,0.158494565,2.29E-02,0.115388112,1.22E-03,0.160301326,2.07E-03
0,0,8.83E-02,8.63E-03,7.63E-02,4.04E-03,0.113765628,1.51E-03,0.18649043,3.65E-03
0,0,4.14E-02,9.99E-03,8.88E-02,9.17E-03,4.88E-02,3.80E-03,4.81E-02,1.49E-03
0,0,5.76E-02,2.32E-02,3.21E-02,6.11E-03,3.12E-02,3.31E-03,9.49E-02,2.73E-03
0,0,0.20221493,4.79E-02,5.45E-02,5.20E-03,0.203438928,4.70E-03,0.190891516,3.36E-03
0,0,6.49E-02,8.71E-04,7.48E-02,1.35E-02,0.1428005,7.32E-03,9.95E-02,3.39E-03
0,0,0.101315148,1.76E-02,3.39E-02,5.63E-03,9.33E-02,2.12E-03,7.92E-02,2.32E-03
0,0,5.00E-02,4.51E-03,9.49E-02,1.26E-02,0.128369847,7.21E-03,7.37E-02,1.77E-03
0,0,1.79E-02,3.57E-03,3.68E-02,8.24E-03,0.157232926,1.01E-02,4.49E-02,2.18E-03
0,0,9.75E-02,8.06E-03,0.125672732,8.57E-03,0.128267723,6.90E-03,3.57E-02,4.64E-03
0,0,0.215199216,3.35E-02,0.149404063,8.50E-03,0.179598421,8.13E-03,0.28359796,7.08E-04
0,0,0.211631155,2.58E-02,9.03E-02,8.39E-03,0.143494694,1.09E-02,0.209703267,1.58E-03
0,0,0.110358006,1.41E-02,0.195099989,2.10E-02,9.80E-02,5.09E-03,8.31E-02,3.03E-03
0,0,6.89E-02,2.70E-02,8.71E-02,1.75E-02,0.209378973,7.37E-03,7.99E-02,4.92E-03
0,0,1.18E-02,2.16E-02,0.136078124,1.43E-02,9.48E-02,5.52E-03,0.124365855,2.49E-03
0,0,0.154241676,1.50E-02,0.137894115,2.39E-03,1.84E-02,4.54E-03,8.69E-02,7.24E-04
0,0,0.10747227,1.25E-02,8.53E-02,5.37E-03,0.245370664,7.04E-03,0.173560924,5.37E-04
0,0,0.10793715,1.63E-02,9.25E-02,1.22E-02,0.122498119,3.07E-03,0.12621338,4.31E-03
0,0,0.225483136,3.98E-02,0.135039168,1.51E-02,6.01E-02,7.54E-03,8.48E-02,8.09E-04
0,0,4.83E-02,3.11E-02,0.179518677,7.52E-03,0.125217444,3.57E-03,0.115563516,3.11E-03
0,0,7.12E-02,2.07E-02,0.243007979,1.69E-02,0.10805037,4.37E-03,9.46E-02,4.14E-03
0,0,0.150077854,2.31E-02,0.134609273,8.52E-03,2.53E-02,1.21E-02,0.151428881,2.73E-03
0,0,0.204117938,1.81E-02,0.144322472,1.43E-02,0.219541358,7.90E-03,9.63E-02,2.02E-03
0,0,7.00E-02,2.30E-02,8.76E-02,9.03E-03,0.121013322,1.86E-03,0.165839185,4.39E-03
0,0,0.16897413,3.19E-02,0.18554715,8.76E-03,0.110363635,5.73E-03,0.14229219,1.90E-03
0,0,0.132527084,2.97E-02,8.59E-02,1.57E-02,0.181348425,5.90E-03,0.166858727,2.22E-03
0,0,0.117670078,1.25E-02,0.148454907,9.63E-03,0.111163311,8.92E-03,7.88E-02,1.60E-03
0,0,3.34E-02,4.84E-03,0.115658768,6.52E-03,5.21E-02,7.52E-03,0.16974429,3.02E-03
0,0,0.241238462,1.57E-02,0.107722784,2.10E-02,0.172522928,8.49E-03,9.51E-02,1.62E-03
0,0,1.12E-02,6.60E-03,6.35E-02,1.16E-02,0.105713715,4.12E-03,0.190887825,3.66E-03
0,0,0.172466968,4.94E-02,7.31E-02,9.31E-03,6.40E-02,2.15E-03,5.52E-02,2.49E-03
0,0,0.109063698,1.65E-02,0.139559847,1.96E-02,0.234385582,9.67E-03,0.113743752,3.12E-03
0,0,9.98E-02,1.45E-02,6.38E-02,2.26E-03,0.117691535,7.92E-03,5.50E-02,2.72E-03
0,0,0.162059876,3.04E-02,6.83E-02,1.77E-02,0.251395243,1.35E-02,0.24002682,3.43E-03
0,0,9.98E-02,2.78E-02,9.32E-02,1.46E-02,0.133272511,1.05E-02,0.185684765,2.00E-03
0,0,5.72E-02,1.62E-02,4.48E-02,4.49E-03,0.125904343,6.33E-03,0.249962603,5.59E-03
0,0,8.03E-02,7.49E-03,0.115857359,7.44E-03,0.138815153,1.06E-02,9.54E-02,2.17E-03
0,0,1.77E-02,5.85E-03,3.96E-02,1.70E-02,7.41E-02,4.47E-03,5.56E-02,1.25E-03
0,0,8.75E-02,1.17E-02,7.80E-02,1.38E-02,6.29E-02,4.85E-03,0.303115002,2.76E-03
0,0,0.248786174,3.95E-02,0.107396125,1.41E-02,0.308969308,6.72E-03,0.288342222,2.68E-03
0,0,0.114030763,1.63E-02,0.126512421,1.04E-02,5.88E-02,6.39E-03,7.55E-02,2.51E-03
0,0,5.95E-02,6.27E-03,5.10E-02,1.75E-02,5.30E-02,6.83E-03,0.130438314,1.37E-03
0,0,0.101081528,2.48E-02,0.130335302,1.98E-02,5.19E-02,4.50E-03,0.205359705,1.22E-03
0,0,8.50E-02,3.61E-03,0.160297258,2.16E-02,0.102138939,8.79E-03,0.157319075,2.36E-03
0,0,0.211928749,3.52E-02,0.165920942,1.61E-02,0.132179889,3.68E-03,0.18147916,5.16E-03
0,0,0.129674326,1.11E-02,3.73E-02,4.75E-03,0.115532385,3.94E-03,8.53E-02,1.58E-03
0,0,0.102073051,2.27E-02,4.96E-02,1.73E-02,0.116781042,5.01E-03,0.108608606,2.73E-03
0,0,4.12E-02,3.91E-03,9.46E-02,1.13E-02,0.182433041,6.40E-03,0.103753125,1.64E-03
0,0,0.101546065,2.66E-02,3.53E-02,2.54E-02,0.217000028,1.11E-03,6.77E-02,3.22E-03
0,0,0.160220626,3.52E-02,9.44E-02,2.23E-02,7.98E-02,7.85E-03,0.148600767,8.88E-04
0,0,8.40E-02,1.92E-02,0.162358845,1.68E-02,0.179586434,1.81E-03,0.142489887,2.96E-03
0,0,7.31E-02,6.29E-03,0.219699511,2.32E-02,7.56E-02,5.70E-03,0.132597971,1.59E-03
0,0,0.127271847,1.96E-02,3.94E-02,1.23E-02,0.160945613,1.04E-02,6.79E-02,1.94E-03
0,0,2.62E-02,1.56E-02,4.77E-02,2.96E-03,0.159312608,1.08E-02,0.255527581,1.54E-03
0,0,5.24E-02,3.26E-02,2.44E-02,1.38E-02,0.106187848,7.49E-03,0.178325007,3.16E-03
0,0,5.31E-02,1.29E-02,6.59E-02,1.64E-02,9.45E-02,9.78E-03,0.125312577,2.67E-03
0,0,0.131229015,3.97E-02,0.207250764,1.18E-02,9.79E-02,3.82E-03,5.81E-02,4.20E-03
0,0,0.100177511,2.26E-02,0.238066547,1.45E-02,5.08E-02,6.09E-03,0.13782382,9.80E-04
0,0,7.55E-02,5.14E-03,8.02E-02,5.44E-03,9.11E-02,1.26E-02,8.30E-02,2.12E-03
0,0,0.116009236,4.26E-03,6.66E-02,9.30E-03,0.137096478,1.55E-02,0.12365612,1.69E-03
0,0,0.156545291,2.45E-02,7.74E-02,1.81E-02,0.210329042,8.99E-03,0.153718723,5.16E-03
0,0,7.74E-02,1.38E-02,9.13E-02,8.13E-03,3.53E-02,3.25E-03,6.65E-02,3.44E-03
0,0,2.99E-02,8.42E-03,0.108755726,1.27E-02,4.14E-03,4.63E-03,2.03E-02,3.80E-03
0,0,8.40E-02,1.06E-02,9.55E-02,2.71E-02,0.149744218,1.11E-02,0.168928263,1.64E-03
0,0,0.210042636,2.77E-02,0.121223743,1.82E-02,6.78E-02,3.23E-03,7.21E-02,3.82E-03
0,0,0.113965624,7.78E-03,9.46E-02,9.57E-03,0.168383588,4.37E-03,8.58E-02,4.46E-03
0,0,2.81E-02,1.10E-02,0.152779227,1.82E-02,0.178081606,4.51E-03,0.219708157,1.23E-03
0,0,6.57E-02,2.15E-02,0.104206602,6.12E-03,8.43E-02,4.86E-03,8.31E-02,7.64E-04
0,0,0.146244697,1.07E-03,7.73E-02,1.31E-02,0.139646989,5.34E-03,0.160722531,3.37E-03
0,0,3.68E-02,3.13E-02,2.81E-02,1.15E-02,5.64E-02,4.72E-03,3.57E-02,1.50E-03
0,0,0.111945425,2.15E-02,0.182555875,5.06E-03,0.275936244,5.43E-03,0.373333947,3.61E-03
0,0,0.203388268,8.09E-03,5.77E-02,1.83E-02,0.119223912,5.51E-03,0.103417823,4.24E-03
0,0,0.129800392,3.26E-02,0.166062618,1.41E-02,6.84E-02,4.25E-03,0.207596426,1.24E-03
0,0,0.146574229,1.15E-02,0.116938497,5.64E-03,0.103566349,6.54E-03,0.19013434,1.50E-03
0,0,0.186207283,3.04E-02,5.31E-02,1.47E-02,0.166134142,7.52E-03,0.110989758,7.95E-03
0,0,0.119333496,3.04E-02,9.79E-02,1.17E-02,0.182554066,1.69E-03,0.14192932,1.66E-03
0,0,0.219849434,2.66E-02,6.47E-02,1.21E-02,0.234282423,2.37E-03,0.18775814,2.96E-03
0,0,6.92E-02,2.05E-02,9.16E-02,1.48E-02,0.110403999,8.03E-03,0.31520958,3.73E-03
0,0,9.99E-02,3.66E-02,0.232945831,1.68E-02,2.64E-02,5.58E-03,7.45E-02,3.13E-03
0,0,4.21E-02,1.30E-02,0.254562389,1.85E-02,3.94E-02,7.76E-03,2.89E-02,1.67E-03
0,0,7.21E-02,1.56E-02,7.26E-02,3.91E-03,9.66E-02,5.39E-04,3.91E-02,3.07E-03
0,0,4.40E-02,1.58E-02,0.100755802,1.51E-02,9.60E-02,3.07E-03,0.202512737,1.36E-03
0,0,0.264845253,1.69E-02,0.249395441,1.86E-02,0.285202801,1.10E-02,0.139952155,1.33E-03
0,0,0.18374245,3.85E-02,0.167317781,9.09E-03,8.01E-02,2.47E-03,8.84E-02,3.12E-03
0,0,0.137467902,1.75E-02,0.151587748,1.85E-02,0.140308515,2.98E-03,0.122301284,3.31E-03
0,0,0.275347292,4.02E-02,7.32E-02,1.92E-02,2.34E-02,3.66E-03,5.51E-02,2.96E-03
0,0,5.65E-02,1.53E-02,0.102291345,1.73E-02,8.69E-02,4.33E-03,0.155852496,2.41E-03
0,0,7.59E-02,3.01E-02,1.61E-02,8.56E-03,0.108688866,4.72E-03,0.209420538,3.95E-03
0,0,0.127986065,2.60E-02,0.141586139,2.17E-02,7.58E-02,7.00E-03,0.135709416,5.35E-03
0,0,0.113924113,1.18E-02,9.89E-02,1.06E-02,0.175859289,1.09E-02,0.112074712,4.48E-03
0,0,0.102677384,3.05E-02,5.78E-02,1.22E-02,0.209047614,1.17E-02,0.193455916,4.09E-03
0,0,5.73E-02,1.48E-02,5.83E-02,1.20E-02,2.09E-02,3.37E-03,0.11435503,1.66E-03
0,0,3.87E-02,7.63E-03,8.89E-02,4.60E-03,0.114463852,2.48E-03,9.13E-02,2.67E-03
0,0,0.140150154,2.92E-02,0.136055081,7.16E-03,8.42E-02,7.24E-04,9.45E-02,6.20E-03
0,0,0.203749881,2.44E-02,5.82E-02,9.33E-03,0.109389361,8.29E-03,0.114156744,2.09E-03
0,0,9.99E-02,1.91E-02,0.136959082,1.84E-02,7.55E-02,1.94E-03,0.191150928,4.94E-03
0,0,0.201937639,3.67E-02,8.94E-02,6.31E-03,6.64E-02,5.48E-05,0.206782084,2.72E-03
0,0,0.139464977,2.00E-02,6.23E-02,1.07E-02,6.44E-02,5.90E-03,0.204586361,2.63E-03
0,0,0.199388286,2.64E-02,4.97E-02,1.73E-03,8.19E-02,1.23E-03,0.208029398,5.61E-03
0,0,0.15076618,1.98E-02,5.14E-02,1.97E-02,0.123666159,2.37E-03,2.70E-03,3.43E-03
0,0,8.01E-02,1.06E-02,0.165296144,1.30E-02,4.86E-02,1.27E-03,6.80E-02,2.88E-03
0,0,6.33E-02,7.98E-03,3.64E-02,2.93E-03,0.239526785,7.44E-03,0.123422286,3.87E-04
0,0,4.68E-02,1.57E-02,3.68E-02,9.79E-03,9.43E-02,3.49E-03,2.69E-02,2.37E-03
0,0,4.93E-02,5.90E-03,7.83E-02,5.47E-03,6.15E-02,2.57E-03,0.175239338,1.06E-03
0,0,0.1213694,1.12E-02,8.20E-02,2.82E-03,5.50E-02,4.71E-03,2.68E-02,4.98E-04
0,0,6.38E-02,3.62E-03,3.88E-02,7.09E-03,0.120399827,2.75E-03,5.08E-02,3.49E-03
0,0,4.98E-02,3.84E-02,0.135183706,7.12E-04,2.96E-02,2.75E-03,0.197209984,1.58E-03
0,0,4.40E-02,6.54E-03,0.112603436,9.92E-03,0.127909289,9.33E-03,0.192195406,3.80E-03
0,0,0.118615656,4.02E-02,5.15E-02,6.62E-03,9.40E-02,1.17E-02,0.10924041,2.87E-03
0,0,0.208625963,3.39E-02,0.138053809,1.29E-02,0.205438276,8.80E-03,0.326189875,1.24E-03
0,0,0.105066257,1.96E-02,8.52E-02,1.27E-02,5.03E-02,5.55E-03,9.59E-02,2.47E-03
0,0,0.288548262,3.62E-02,8.87E-02,1.02E-02,0.174377482,1.16E-02,0.211072537,1.63E-03
0,0,0.145180334,8.16E-03,9.35E-02,2.27E-02,8.40E-02,1.61E-03,0.104757989,2.41E-03
0,0,8.43E-02,8.45E-03,0.172404313,7.49E-03,0.113382244,5.07E-03,4.03E-02,5.06E-04
0,0,0.297448739,5.34E-02,0.134500882,1.24E-02,0.165133361,6.09E-03,0.15834041,4.75E-04
0,0,9.30E-02,2.10E-02,0.196570544,9.19E-03,4.77E-02,1.12E-02,0.181758504,2.38E-03
0,0,9.58E-02,4.24E-02,0.152547969,2.37E-02,4.20E-02,1.31E-03,0.148941249,5.32E-03
0,0,8.74E-02,2.23E-02,0.162270458,1.88E-02,0.134932092,5.91E-03,0.213942184,1.44E-03
0,0,0.17433647,2.97E-02,0.132384519,2.72E-02,0.12821401,8.99E-03,7.35E-02,5.48E-03
0,0,0.121247864,1.66E-02,2.47E-02,8.24E-03,8.49E-02,5.38E-03,5.35E-02,2.96E-03
0,0,0.115610876,3.95E-03,0.259307138,2.65E-02,1.42E-02,5.44E-03,0.191109906,2.75E-03
0,0,0.263012116,4.36E-02,0.143516586,2.12E-02,0.113265338,1.53E-02,0.348737622,1.80E-03
0,0,8.44E-02,6.10E-03,8.68E-02,2.29E-03,7.51E-02,3.17E-03,4.37E-02,2.77E-03
0,0,0.11283248,2.35E-02,7.31E-02,4.38E-03,2.34E-02,5.08E-03,0.159280358,2.02E-03
0,0,8.17E-02,1.99E-02,0.124471216,1.02E-02,3.23E-02,2.32E-03,0.150363079,2.58E-03
0,0,0.173574523,3.59E-02,0.137121217,1.54E-02,0.113061063,7.13E-03,0.235694894,2.22E-03
0,0,0.114535119,8.28E-03,6.80E-02,2.35E-03,0.193757182,7.66E-03,0.202648323,4.01E-03
0,0,4.76E-02,3.20E-02,0.152089596,4.72E-03,0.101846105,5.53E-03,7.44E-02,2.76E-03
0,0,6.36E-02,1.30E-02,8.41E-02,6.00E-03,0.138241611,6.94E-03,0.110852634,1.46E-03
0,0,0.141017365,1.41E-02,0.141550991,1.08E-02,0.100125003,6.46E-03,7.48E-02,8.99E-04
0,0,0.177408843,1.89E-02,7.58E-02,1.09E-02,7.47E-02,5.46E-03,0.254604996,4.63E-03
0,0,4.01E-02,5.95E-03,2.20E-02,6.04E-03,7.65E-02,9.93E-03,5.90E-02,4.08E-03
0,0,0.138541753,2.19E-02,0.110827703,1.92E-02,8.76E-02,7.12E-03,0.295365356,4.78E-03
0,0,0.159810151,4.40E-02,0.128907113,5.76E-03,0.118559098,5.15E-03,0.146661092,2.73E-03
0,0,8.78E-02,1.90E-02,0.166984688,1.14E-02,9.31E-02,3.75E-03,9.66E-02,3.42E-03
0,0,0.126586634,3.31E-02,0.107996313,1.17E-02,0.164695055,6.15E-03,0.21842074,3.58E-03
0,0,0.117525343,2.27E-02,1.16E-02,3.39E-03,6.20E-02,4.11E-03,2.42E-02,2.36E-03
0,0,6.90E-02,1.74E-02,0.221322368,2.63E-02,0.124657564,5.03E-03,0.135690957,1.16E-03
0,0,0.102650699,2.12E-02,0.148886233,1.42E-02,7.14E-02,5.91E-03,0.161491213,3.89E-03
0,0,0.235804634,2.76E-02,6.90E-02,5.68E-03,6.56E-02,7.97E-03,0.102257064,3.00E-03
0,0,0.194703871,2.10E-02,0.105584783,1.33E-02,0.13575044,4.45E-03,0.12485613,1.26E-03
0,0,5.70E-02,1.35E-02,3.48E-02,1.43E-02,0.13280429,5.34E-03,8.61E-02,5.58E-03
0,0,8.20E-02,1.73E-02,0.110115261,1.07E-02,2.10E-02,4.59E-03,0.203330271,2.19E-04
0,0,7.31E-02,6.96E-03,9.16E-02,9.91E-03,0.141950821,2.70E-03,8.15E-02,3.90E-03
0,0,0.143196109,2.35E-02,5.57E-02,9.52E-03,0.22357908,1.11E-02,0.126758492,3.54E-03
0,0,0.149414723,2.44E-02,0.148158102,8.30E-03,0.128880517,8.40E-03,0.15789826,6.41E-03
0,0,7.19E-02,1.79E-02,4.72E-02,3.05E-03,0.152547742,1.16E-02,0.124476827,4.25E-03
0,0,0.102674692,1.33E-02,4.76E-02,1.35E-03,9.45E-02,4.90E-03,0.10563871,8.69E-04
0,0,0.134539362,2.05E-02,2.31E-02,6.62E-03,7.38E-02,8.45E-03,7.23E-02,1.91E-03
0,0,4.54E-02,1.96E-02,8.95E-02,9.96E-03,0.372638924,1.36E-02,0.128124636,1.61E-03
0,0,0.132222585,1.20E-02,8.68E-02,1.14E-02,0.111124106,1.52E-02,8.52E-02,2.88E-03
0,0,8.65E-02,7.66E-03,0.174471051,2.04E-02,1.61E-02,9.81E-03,0.14353815,1.65E-03
0,0,7.79E-02,1.22E-02,1.59E-02,2.81E-03,0.103319144,1.20E-02,0.127342661,3.52E-03
0,0,9.18E-02,1.24E-02,0.190620404,1.26E-02,4.58E-02,6.61E-03,5.40E-02,2.75E-03
0,0,9.75E-02,8.39E-03,0.104204476,1.16E-02,9.49E-02,1.16E-03,3.48E-02,6.62E-04
0,0,0.171873445,2.86E-02,0.189054974,4.77E-03,0.119092636,2.37E-03,0.195639272,2.48E-03
0,0,0.160280541,3.12E-02,8.22E-02,1.29E-02,0.14292161,1.09E-02,0.184242934,8.08E-04
0,0,0.179341462,3.74E-02,5.76E-02,4.47E-03,0.138224722,3.26E-03,0.143218024,1.82E-03
0,0,3.51E-02,3.35E-03,6.58E-02,7.03E-03,0.15801831,5.76E-03,2.20E-02,2.38E-03
0,0,0.172366136,3.74E-02,0.236208218,1.83E-02,0.173896952,5.08E-03,0.155225618,6.27E-03
0,0,0.226372986,3.66E-02,9.36E-02,1.62E-02,0.181718103,5.14E-03,0.142233521,1.34E-03
0,0,0.145811029,5.94E-03,0.129698942,1.40E-02,0.173824111,5.01E-03,7.81E-02,1.19E-03
0,0,0.152677801,2.08E-02,5.33E-02,7.68E-03,8.93E-02,3.42E-03,8.65E-02,3.10E-03
0,0,5.53E-02,2.61E-03,0.161926832,8.66E-03,0.285538591,6.88E-03,0.120507349,2.81E-03
0,0,0.248351505,2.92E-02,0.102079293,2.32E-02,0.237084549,1.17E-02,0.181725759,4.11E-03
0,0,8.89E-02,1.75E-02,8.70E-02,7.86E-03,9.11E-02,6.06E-03,3.71E-02,3.91E-03
0,0,0.134267886,1.80E-02,0.136823851,1.20E-02,8.88E-02,7.10E-03,0.164246177,3.71E-03
0,0,6.09E-02,2.33E-02,6.81E-02,8.22E-03,6.85E-02,5.54E-03,5.33E-02,1.65E-03
0,0,7.59E-02,2.23E-02,3.22E-02,1.48E-02,0.190333363,8.66E-03,0.233107791,1.23E-03
0,0,0.137887346,2.76E-02,0.101117277,1.22E-02,0.204721059,4.13E-03,0.102788744,5.40E-03
0,0,0.262843699,3.69E-02,0.118057192,1.34E-02,5.89E-02,4.19E-03,0.255663773,3.96E-03
0,0,0.239534478,2.75E-02,0.164784138,1.96E-02,0.118442972,1.20E-02,2.94E-02,1.12E-03
0,0,5.70E-02,5.94E-03,0.165559188,1.10E-02,0.108978101,5.64E-03,0.131245385,1.68E-03
0,0,0.11558456,1.99E-02,2.77E-02,1.67E-02,0.184813971,3.66E-03,0.206796739,3.40E-03
0,0,0.132293453,2.24E-02,0.106971555,7.33E-03,0.121974106,6.31E-03,0.245727436,1.74E-03
0,0,7.49E-02,1.25E-02,0.198222049,1.94E-02,7.90E-02,3.80E-03,0.220196419,2.73E-03
0,0,0.125943184,3.99E-02,0.175774004,1.73E-02,7.31E-02,5.05E-03,0.139388218,2.10E-03
0,0,0.164830262,2.26E-02,0.109288088,1.98E-02,3.49E-02,1.80E-03,9.22E-02,2.66E-03
0,0,0.184373745,1.74E-02,0.17311132,4.78E-03,0.130598563,1.53E-02,0.100868935,4.28E-03
0,0,0.117315466,2.90E-02,4.58E-02,1.25E-02,8.21E-02,6.50E-03,9.67E-02,2.99E-03
0,0,0.14735154,3.69E-02,0.141946983,1.72E-02,9.29E-02,6.07E-03,0.136465426,1.40E-03
0,0,0.255265076,2.91E-02,6.16E-02,3.49E-03,6.20E-02,8.33E-03,8.26E-02,1.07E-03
0,0,0.140333912,2.10E-02,8.56E-02,2.40E-02,0.118351091,1.66E-03,8.43E-02,9.48E-04
0,0,0.176214553,2.08E-02,0.10612323,1.10E-02,8.63E-02,3.39E-03,0.101523519,3.53E-04
0,0,8.18E-02,1.38E-02,0.114136321,1.23E-02,2.32E-02,1.24E-03,3.43E-02,3.16E-03
0,0,0.110493146,2.29E-02,6.57E-02,8.11E-03,3.62E-02,2.94E-03,4.08E-02,2.46E-03
0,0,7.94E-02,2.36E-02,0.12972186,1.09E-02,0.104492564,7.08E-03,5.20E-02,3.53E-03
0,0,0.130654416,1.35E-02,0.233096511,2.04E-02,0.156045526,6.73E-03,0.333500906,3.99E-03
0,0,1.58E-02,1.27E-02,1.47E-02,1.07E-02,0.162815363,3.71E-03,4.41E-02,4.29E-03
0,0,3.60E-02,1.16E-02,0.149943592,1.65E-02,5.27E-02,3.04E-03,0.10554999,3.96E-03
0,0,2.76E-02,4.18E-03,5.41E-02,5.14E-03,0.253001755,5.39E-03,4.03E-02,1.28E-03
0,0,4.70E-02,1.78E-02,0.13289587,1.47E-02,0.120590982,7.65E-03,0.135936136,2.74E-03
0,0,0.112034103,1.77E-02,7.52E-02,1.11E-02,4.08E-02,8.33E-03,0.113547433,4.39E-03
0,0,0.121510859,2.52E-03,0.10242417,1.15E-02,0.160478568,1.17E-02,8.64E-02,2.35E-04
0,0,0.127161567,3.73E-02,5.68E-02,8.99E-03,0.120212775,1.08E-02,0.116690791,5.32E-03
0,0,0.12933666,3.60E-03,7.04E-02,8.20E-03,0.126716257,9.92E-03,0.161275363,2.87E-03
0,0,0.108613754,1.23E-02,6.04E-02,1.91E-02,7.03E-02,8.12E-03,0.218600058,3.78E-03
0,0,8.18E-02,2.46E-02,9.98E-02,1.94E-02,0.169996527,1.30E-02,0.146363372,5.83E-03
0,0,0.314762816,4.73E-02,0.146289823,9.78E-03,8.03E-02,7.64E-03,7.96E-02,5.44E-03
0,0,9.60E-02,3.27E-02,4.73E-02,6.99E-03,0.189201392,1.18E-02,0.159802343,6.66E-03
0,0,9.78E-02,2.30E-02,0.222604093,1.81E-02,6.50E-02,3.64E-03,0.129604256,4.68E-03
0,0,0.209049041,2.61E-02,9.02E-02,9.47E-03,0.15987455,8.07E-03,0.274544889,3.92E-03
0,0,0.223546056,3.82E-02,9.16E-02,9.75E-03,0.138324655,3.35E-03,0.19111603,8.38E-04
0,0,0.103574973,2.23E-02,0.137317657,8.09E-03,0.175795107,1.17E-02,0.24604733,4.79E-03
0,0,7.32E-02,2.06E-02,0.136698726,1.02E-02,8.46E-02,1.10E-02,0.114285917,1.75E-03
0,0,0.109571157,9.85E-03,8.92E-02,1.34E-02,9.56E-02,9.84E-03,0.20223552,4.56E-03
0,0,9.09E-02,2.09E-02,2.63E-02,6.93E-03,0.138078857,6.01E-03,0.21558274,4.98E-03
0,0,0.155142386,2.36E-02,0.152467836,2.02E-02,0.109599206,6.85E-03,0.204846562,4.07E-03
0,0,5.60E-02,1.00E-02,0.12881239,1.21E-02,8.66E-02,2.81E-03,0.126467803,5.36E-03
0,0,0.193017895,5.08E-02,0.166425196,1.32E-02,0.217582839,9.28E-03,0.169872883,3.31E-03
0,0,0.101908111,1.83E-02,0.225795321,2.27E-02,0.144341609,8.11E-03,8.89E-02,3.84E-03
0,0,0.138038981,1.30E-02,0.191285382,2.08E-02,0.217205158,5.34E-03,7.72E-02,3.05E-03
0,0,0.124394141,8.87E-03,0.233969201,1.43E-02,6.97E-02,1.41E-02,0.140451756,2.64E-03
0,0,6.20E-02,2.56E-03,5.43E-02,7.27E-03,4.46E-02,5.24E-03,7.08E-02,1.97E-03
0,0,8.10E-02,5.95E-03,9.65E-02,5.28E-03,0.143539131,4.26E-03,0.144220487,3.44E-03
0,0,0.227008784,5.59E-02,9.81E-02,2.30E-02,0.125216586,5.60E-03,0.104448394,5.36E-03
0,0,5.90E-02,9.47E-03,6.76E-02,1.37E-02,3.25E-02,3.55E-03,7.57E-02,6.05E-04
0,0,8.08E-02,2.73E-02,0.131376274,1.07E-02,3.64E-02,6.21E-03,1.26E-02,1.03E-03
0,0,0.204022048,2.79E-02,0.118874619,7.52E-03,0.164284459,9.55E-03,0.112441282,2.05E-03
0,0,0.18224662,3.20E-02,0.170106646,1.06E-02,0.141919014,8.36E-03,0.268973673,2.16E-03
0,0,0.141403255,2.61E-02,0.19681918,1.65E-02,0.106612033,1.17E-02,0.219004071,3.75E-03
0,0,7.30E-04,6.07E-03,5.04E-02,9.92E-03,0.235297895,1.01E-02,5.38E-02,2.00E-03
0,0,5.86E-02,1.97E-02,0.107304929,4.04E-03,0.171076383,6.40E-03,0.163470182,3.42E-03
0,0,0.137576194,1.12E-02,0.190164209,2.53E-02,0.130469147,1.74E-03,5.42E-02,1.64E-03
0,0,0.118592672,1.78E-02,4.98E-02,7.00E-03,0.219398618,9.48E-03,0.133772875,3.02E-03
0,0,0.135767523,2.31E-02,0.103556517,1.91E-02,4.25E-02,7.54E-03,0.12624323,2.98E-03
0,0,0.114871199,1.33E-02,2.59E-02,1.39E-03,0.107232157,7.30E-03,0.164663864,3.66E-03
0,0,3.70E-02,1.05E-02,0.145295557,2.11E-02,0.12881208,4.26E-03,0.165928938,3.70E-03
0,0,9.95E-02,2.06E-02,0.173498577,1.44E-02,0.14966979,1.38E-02,5.77E-02,4.14E-03
0,0,0.212250577,2.52E-02,0.125347564,1.53E-02,8.38E-02,1.62E-03,5.63E-02,2.82E-03
0,0,0.23849227,4.24E-02,0.127939911,1.76E-02,0.126474806,8.12E-03,0.142220299,3.09E-03
0,0,0.147183552,1.59E-02,9.84E-02,7.80E-03,0.10739491,2.95E-04,0.211666572,3.21E-03
0,0,0.22374345,2.92E-02,7.96E-02,8.09E-03,0.159756816,1.14E-02,0.324482431,4.17E-03
0,0,0.112366293,1.53E-02,6.29E-03,6.64E-03,7.28E-02,6.72E-03,0.2152215,3.11E-03
0,0,0.187329736,2.97E-02,0.1333018,1.80E-02,0.16761786,9.71E-03,6.62E-02,2.32E-03
0,0,9.17E-02,9.57E-03,0.185507097,1.33E-02,7.68E-02,6.39E-03,9.59E-02,3.04E-03
0,0,0.154270215,2.30E-02,3.09E-02,1.62E-02,4.76E-02,2.49E-03,0.111044542,4.55E-03
0,0,0.109833368,2.42E-02,4.56E-02,5.03E-03,0.222569949,6.14E-03,1.20E-02,2.97E-03
0,0,7.32E-02,1.84E-02,8.26E-02,1.20E-02,6.53E-02,1.49E-03,0.167268969,3.97E-03
0,0,0.18118143,2.94E-02,2.51E-02,7.65E-03,4.22E-02,5.47E-03,0.128489921,2.57E-03
0,0,8.88E-02,2.47E-03,0.124431048,1.73E-02,0.319548748,1.32E-02,5.70E-02,4.69E-03
0,0,3.27E-02,6.46E-03,2.48E-02,9.12E-04,0.119118739,3.30E-03,0.227688463,1.11E-03
0,0,8.99E-02,1.10E-02,8.08E-02,2.55E-02,0.108693814,4.29E-03,0.177488417,1.26E-03
0,0,0.110595294,3.40E-02,0.248586967,1.99E-02,4.57E-02,7.60E-03,0.12377201,2.38E-03
0,0,0.153984288,1.54E-02,0.143336615,1.34E-03,0.195516724,3.44E-03,0.287477648,1.11E-03
0,0,5.21E-02,4.31E-03,2.93E-02,7.68E-03,5.12E-02,9.42E-03,2.16E-02,5.23E-03
0,0,0.197536628,3.92E-02,7.84E-02,1.20E-02,0.103920522,5.24E-03,0.159836051,3.38E-03
0,0,0.140279427,2.84E-02,7.87E-02,4.81E-03,0.199431404,1.17E-02,5.90E-02,6.06E-03
0,0,7.30E-02,2.26E-02,0.213228343,2.86E-02,6.07E-02,3.88E-03,0.249368125,2.81E-03
0,0,5.94E-02,5.27E-03,7.54E-02,4.50E-03,0.166608609,3.36E-03,0.145472098,2.55E-03
0,0,0.274530462,5.21E-02,0.267737515,1.41E-02,8.36E-02,1.26E-02,0.14857325,1.60E-03
0,0,0.127012839,2.63E-02,9.48E-02,3.94E-03,0.127625534,4.35E-03,0.148995327,3.67E-03
0,0,4.31E-02,1.39E-02,0.114748576,7.82E-03,8.72E-02,8.29E-03,0.274029556,2.01E-03
0,0,4.61E-02,1.64E-02,0.121756941,8.25E-03,0.124139544,3.78E-03,0.135394562,6.45E-03
0,0,7.52E-02,2.58E-02,7.60E-02,1.18E-02,0.181061162,1.55E-02,7.08E-02,2.36E-03
0,0,9.85E-02,8.66E-03,0.136683466,1.19E-02,0.139077835,5.62E-03,1.93E-02,3.52E-03
0,0,4.52E-02,1.43E-02,2.02E-02,9.63E-03,7.63E-02,2.58E-03,5.38E-02,1.03E-03
0,0,8.70E-02,1.24E-02,0.135317723,2.02E-02,7.23E-02,5.60E-03,5.60E-02,1.46E-03
0,0,0.188241986,3.47E-02,0.110221963,7.96E-03,0.230262252,4.94E-03,9.55E-02,9.88E-04
0,0,0.206550981,2.56E-02,0.103475537,3.43E-03,0.125662552,5.37E-03,0.150299432,4.48E-03
0,0,8.62E-02,1.95E-02,0.11844,2.75E-02,0.109382285,3.70E-03,0.126026338,4.04E-03
0,0,7.47E-02,6.49E-03,0.171942214,2.28E-02,0.175879698,3.06E-03,0.15771243,3.60E-03
0,0,0.215892388,3.12E-02,9.82E-02,2.18E-02,6.90E-02,5.41E-03,0.130674856,2.06E-03
0,0,6.38E-02,8.16E-03,4.88E-02,1.89E-03,0.123533194,5.36E-03,4.07E-02,5.37E-03
0,0,9.40E-02,3.39E-03,0.112992791,7.57E-03,0.146772302,4.60E-03,0.144334351,2.14E-03
0,0,4.22E-02,1.84E-02,0.146267962,2.70E-02,9.58E-02,5.75E-03,0.154615065,1.66E-03
0,0,0.203826654,2.44E-02,7.72E-02,1.33E-02,9.36E-02,5.37E-03,0.140585753,3.41E-03
0,0,0.141508687,1.50E-02,0.130826578,1.43E-02,4.28E-02,4.47E-03,4.84E-02,3.21E-03
0,0,0.183305001,2.68E-02,0.105217538,5.87E-03,0.116288163,4.94E-03,0.176098464,1.65E-03
0,0,6.81E-02,1.61E-02,9.50E-02,5.05E-03,7.38E-02,3.37E-03,0.122043087,2.77E-03
0,0,8.33E-02,5.84E-03,8.04E-02,2.07E-02,5.58E-02,5.02E-03,4.18E-02,4.64E-03
0,0,9.96E-02,1.96E-02,2.03E-02,4.22E-03,0.230873777,1.32E-02,8.03E-02,2.50E-03
0,0,0.115645285,8.30E-03,6.84E-02,6.23E-03,0.143426545,5.02E-03,0.192090286,3.81E-03
0,0,4.54E-02,2.03E-02,8.10E-02,9.04E-03,0.229588104,1.26E-02,0.245334092,2.80E-03
0,0,0.171459684,4.53E-02,0.150532361,5.67E-03,4.83E-02,1.21E-02,7.48E-02,3.54E-03
0,0,4.10E-02,1.05E-02,1.84E-02,1.75E-02,7.29E-02,5.30E-03,0.151930282,1.94E-03
0,0,3.70E-02,1.31E-02,8.54E-02,1.06E-02,1.65E-02,5.09E-03,8.31E-02,1.12E-03
0,0,0.110697338,1.72E-02,8.06E-02,1.18E-02,3.79E-02,8.89E-03,8.12E-02,1.95E-03
0,0,0.130241444,2.79E-02,0.111615925,1.71E-02,4.39E-02,2.28E-03,5.89E-02,2.86E-03
0,0,6.38E-02,1.76E-02,5.59E-02,4.56E-03,7.89E-02,6.03E-03,8.87E-03,1.29E-03
0,0,8.19E-02,1.57E-02,8.83E-02,1.36E-02,4.28E-02,4.23E-03,9.92E-02,1.59E-03
0,0,0.116513626,8.53E-03,9.25E-02,8.12E-03,0.15801493,8.55E-03,0.152829591,9.77E-04
0,0,8.40E-02,1.80E-02,0.17736814,1.06E-02,4.61E-02,1.65E-03,0.173490281,1.52E-03
0,0,7.13E-02,1.95E-03,1.97E-02,1.05E-02,8.12E-02,6.10E-03,0.106432509,4.55E-03
0,0,6.50E-02,8.17E-03,5.22E-02,5.13E-03,0.179762531,1.36E-02,0.112261178,2.43E-03
0,0,1.34E-02,2.20E-02,8.64E-02,1.66E-02,0.11949351,5.40E-03,0.153275951,3.56E-03
0,0,3.69E-02,3.23E-03,0.254266743,5.43E-03,0.142949892,3.98E-03,4.00E-02,5.83E-03
0,0,0.11591945,2.51E-02,3.37E-02,5.86E-03,0.26314042,1.45E-02,0.105655266,4.37E-04
0,0,0.145409545,3.66E-02,9.44E-02,1.01E-02,0.124685918,4.69E-03,3.40E-02,3.01E-03
0,0,0.125098674,2.10E-02,0.144198944,8.68E-03,8.42E-02,3.13E-03,5.87E-02,1.11E-03
0,0,7.17E-02,8.20E-03,0.236577807,1.66E-02,0.12701644,4.59E-03,0.118562857,1.62E-03
0,0,9.14E-02,8.82E-03,8.13E-02,5.81E-03,0.113045609,4.28E-03,3.91E-02,3.29E-03
0,0,0.100641355,9.57E-03,5.07E-02,1.56E-02,7.34E-02,2.94E-03,6.62E-02,1.88E-03
0,0,0.247007067,4.27E-02,0.196679063,2.94E-02,0.106231604,4.74E-03,0.20196996,3.23E-03
0,0,0.115702717,2.70E-02,0.153443897,2.64E-02,5.30E-02,6.24E-03,0.132496637,6.81E-03
0,0,8.30E-02,2.51E-02,4.73E-02,8.01E-03,0.105849183,1.08E-02,2.71E-02,2.30E-03
0,0,0.216674417,3.69E-02,0.203062917,2.68E-02,0.134942919,6.16E-03,0.162193717,2.23E-03
0,0,0.137792588,2.66E-02,6.87E-02,9.53E-03,0.14754943,4.93E-03,7.12E-02,3.43E-03
0,0,0.145706255,2.36E-02,3.63E-02,1.72E-02,5.88E-02,1.13E-02,5.54E-02,3.36E-03
0,0,8.69E-02,2.88E-02,0.121877084,1.08E-02,0.186316198,5.25E-03,9.54E-02,4.20E-03
0,0,0.156212426,3.28E-02,0.187495133,1.28E-02,9.42E-02,6.47E-03,0.114168434,4.77E-03
0,0,1.35E-02,2.70E-02,0.195265987,2.02E-02,0.110769029,3.12E-03,4.56E-02,2.25E-03
0,0,8.39E-02,2.03E-02,0.172016245,2.29E-02,6.59E-02,7.07E-03,6.08E-02,2.71E-03
0,0,0.119610242,1.66E-02,0.102237878,1.85E-02,0.181172409,9.96E-03,0.109307301,4.53E-03
0,0,0.108956311,2.20E-02,0.10302759,7.79E-03,6.34E-02,6.79E-03,8.06E-02,1.50E-03
0,0,0.187603472,5.12E-02,7.52E-02,1.52E-02,3.73E-02,4.40E-03,0.308681842,6.13E-03
0,0,0.246174477,4.34E-02,9.33E-02,1.75E-02,0.120686227,1.15E-02,9.46E-02,6.62E-03
0,0,0.152577857,3.91E-02,0.152053104,1.27E-02,0.104042833,4.09E-04,5.87E-02,8.07E-04
0,0,5.58E-02,1.87E-02,9.59E-02,6.26E-03,0.114807253,5.67E-03,0.280688367,1.21E-03
0,0,0.169530692,6.91E-03,8.78E-02,1.41E-02,0.105606675,4.26E-03,0.115445775,5.43E-03
0,0,7.80E-02,6.75E-03,0.164389335,1.46E-02,0.139379463,5.61E-03,0.14824923,1.71E-03
0,0,6.70E-02,2.81E-02,5.76E-02,1.40E-02,0.110845334,1.55E-03,0.153809242,3.28E-03
0,0,7.83E-02,2.68E-02,7.93E-02,1.17E-02,0.216305907,9.23E-03,0.148024117,2.24E-03
0,0,6.06E-02,1.14E-02,0.161064479,1.36E-02,0.237933953,1.09E-02,0.186754175,1.07E-03
0,0,8.19E-02,6.68E-03,0.152507808,7.73E-03,7.46E-02,1.87E-03,0.164895401,2.55E-03
0,0,0.157134805,7.61E-03,0.118591958,1.54E-02,0.205265473,7.65E-03,0.182604844,3.15E-03
0,0,0.129451186,2.71E-02,0.134576723,1.31E-02,8.77E-02,6.38E-03,9.68E-02,6.05E-04
0,0,0.21538465,2.81E-02,0.102248534,8.99E-03,0.152228659,6.64E-04,0.211114984,2.55E-03
0,0,0.153598023,1.72E-02,2.95E-02,1.15E-02,9.29E-02,4.01E-03,3.95E-02,4.73E-03
0,0,0.136159278,3.55E-02,0.133248748,1.88E-02,5.00E-02,1.26E-02,7.30E-02,4.11E-03
0,0,0.110770157,1.02E-02,0.149269782,5.95E-03,5.54E-02,1.27E-02,0.156811814,2.43E-03
0,0,6.70E-02,2.31E-02,8.64E-02,4.17E-03,0.148909188,2.64E-03,0.155367977,1.63E-03
0,0,0.155195021,3.81E-02,0.19106395,2.23E-02,0.121122268,4.44E-03,0.191285145,2.58E-03
0,0,0.215007724,3.37E-02,0.328776495,3.88E-02,0.125155814,1.24E-03,0.256747814,6.25E-03
0,0,0.184295821,2.83E-02,0.104437839,7.23E-03,0.331663064,1.48E-02,2.55E-02,5.66E-03
0,0,1.65E-02,5.30E-03,9.96E-02,2.32E-03,7.04E-02,8.29E-03,0.130513152,2.42E-03
0,0,5.01E-02,8.81E-03,9.21E-02,8.39E-03,0.124657873,7.31E-03,4.95E-02,3.50E-03
0,0,0.117796858,1.53E-02,0.108272305,1.82E-02,0.120155656,9.23E-03,0.156516691,3.74E-03
0,0,0.17690776,3.10E-02,0.137762055,1.55E-02,7.18E-02,4.17E-03,0.116562476,9.11E-04
0,0,7.08E-02,7.86E-03,9.57E-02,1.17E-02,8.76E-02,3.02E-03,6.82E-02,3.03E-03
0,0,5.04E-02,1.09E-02,0.110935019,4.31E-03,0.111053552,2.31E-03,0.223920439,3.65E-03
0,0,0.157773133,2.92E-02,3.69E-02,1.28E-02,0.108538864,5.75E-03,0.116928907,1.35E-03
0,0,2.83E-02,1.73E-02,4.81E-02,6.24E-03,0.112978338,3.52E-03,6.91E-02,1.88E-03
0,0,4.96E-02,2.04E-02,0.14103904,1.09E-02,5.94E-02,4.50E-03,9.78E-02,2.60E-03
0,0,3.33E-02,3.37E-03,3.60E-02,1.22E-02,4.72E-02,5.08E-03,1.92E-02,1.44E-03
0,0,0.108886896,1.98E-02,4.64E-02,1.07E-02,0.145805609,6.33E-03,5.57E-02,3.45E-03
0,0,0.15355156,2.25E-02,0.207761894,1.90E-02,6.63E-02,9.87E-03,0.110999756,8.78E-04
0,0,0.116714326,2.02E-02,0.171396608,1.01E-02,0.176582862,7.31E-03,0.180811803,3.21E-03
0,0,0.12819464,3.76E-02,0.121668423,8.18E-03,0.207693151,1.12E-02,0.221951412,2.15E-03
0,0,0.193928257,2.83E-02,0.143104058,8.10E-03,0.194791601,7.86E-03,8.27E-02,5.90E-03
0,0,0.14155116,2.00E-02,6.02E-02,1.20E-02,8.93E-02,4.51E-03,0.133602812,3.00E-03
0,0,0.120896895,2.14E-02,0.2568414,2.41E-02,0.149132087,1.07E-02,0.284822418,1.04E-02
0,0,1.87E-02,1.75E-02,4.55E-02,1.37E-02,0.210825337,8.67E-03,0.132175828,4.89E-03
0,0,6.25E-02,1.32E-02,2.90E-02,6.44E-03,0.107833878,5.46E-03,0.117934948,6.17E-03
0,0,3.86E-02,4.02E-02,5.54E-02,1.31E-02,8.16E-02,7.00E-03,0.175573725,4.33E-03
0,0,0.10927009,1.98E-02,9.47E-02,5.07E-03,2.83E-02,4.49E-03,0.187551747,8.07E-04
0,0,0.104847003,3.44E-02,2.45E-03,1.06E-02,0.159412305,2.10E-03,8.74E-02,8.64E-04
0,0,0.188594291,2.15E-02,0.143786748,4.24E-03,0.197546669,9.79E-03,0.162141809,5.84E-03
0,0,3.83E-02,3.01E-02,0.160424495,1.23E-02,0.107334276,5.35E-03,1.18E-02,3.74E-03
0,0,7.51E-02,9.05E-03,1.59E-02,3.94E-03,9.55E-02,1.15E-02,0.218969252,2.37E-03
0,0,5.05E-02,9.01E-03,2.73E-02,6.85E-03,0.103953886,7.50E-03,0.120568297,8.95E-04
0,0,0.157812654,2.81E-02,0.14317869,1.49E-02,0.171955676,9.91E-03,0.196019043,3.57E-03
0,0,0.131487249,1.87E-02,4.86E-02,1.19E-02,8.16E-02,1.10E-02,7.44E-02,4.25E-03
0,0,0.106355583,2.10E-02,7.34E-02,5.36E-03,0.204113264,5.41E-03,0.200786753,2.52E-03
0,0,0.237011139,4.18E-02,0.137747374,9.85E-03,5.34E-02,5.66E-03,0.163740982,4.63E-03
0,0,0.193004122,1.51E-02,0.116666194,1.05E-02,0.238896771,8.14E-03,0.235672701,2.59E-03
0,0,0.24210231,3.21E-02,7.85E-02,5.85E-03,0.117667311,2.59E-03,5.19E-02,7.66E-04
0,0,0.256072475,5.51E-02,0.149112282,2.09E-02,3.26E-02,7.04E-03,5.54E-02,3.84E-03
0,0,3.56E-02,1.70E-02,4.55E-02,1.25E-02,8.86E-02,1.51E-03,4.68E-02,2.97E-03
0,0,0.144940474,1.20E-02,0.164908728,9.10E-03,3.59E-02,8.46E-03,0.101544339,3.74E-03
0,0,0.114544572,1.01E-02,7.80E-02,1.33E-02,0.106650923,2.01E-03,0.228870405,4.18E-03
0,0,9.62E-02,2.68E-02,3.05E-02,1.48E-02,0.158388218,5.00E-03,0.125326341,2.57E-03
0,0,0.137491198,1.34E-02,0.213983758,1.72E-02,0.102462676,4.39E-03,7.56E-02,4.03E-03
0,0,7.48E-02,6.89E-03,0.185457266,9.93E-03,0.184421953,1.26E-02,9.03E-02,5.20E-04
0,0,0.163833717,1.29E-02,4.32E-02,8.18E-03,5.78E-02,6.77E-03,9.03E-02,3.46E-03
0,0,0.174299767,1.97E-02,0.112106787,8.70E-03,0.257049867,1.23E-02,0.17603531,2.90E-03
0,0,7.00E-02,2.68E-03,3.49E-02,1.22E-02,0.15509017,1.88E-03,0.189994644,3.21E-03
0,0,0.111361693,6.68E-03,6.80E-02,1.28E-02,0.140018647,3.99E-03,9.56E-02,1.24E-03
0,0,8.29E-02,1.58E-02,1.39E-02,4.95E-03,4.87E-02,3.75E-03,0.15306996,4.04E-03
0,0,6.16E-02,3.72E-03,6.30E-02,5.37E-03,0.242393509,1.53E-02,1.95E-02,1.84E-03
0,0,2.00E-02,8.93E-03,2.83E-02,8.05E-03,2.52E-02,4.87E-03,5.10E-02,3.53E-03
0,0,0.276455515,3.56E-02,0.351120447,3.83E-02,0.175579976,6.39E-03,9.97E-02,6.22E-03
0,0,0.120298851,1.43E-02,4.71E-02,5.05E-03,6.14E-02,2.82E-03,0.15510888,6.76E-04
0,0,4.24E-02,2.01E-02,6.31E-02,3.63E-03,0.151081614,1.08E-02,6.70E-02,1.57E-03
0,0,0.235605722,4.99E-02,5.77E-02,1.34E-02,0.243148406,1.51E-02,0.163160995,4.41E-03
0,0,0.136858982,1.67E-02,3.78E-02,4.36E-03,3.87E-02,9.10E-03,0.143236062,3.42E-03
0,0,0.106799333,1.48E-02,0.127646217,1.21E-02,0.101290026,1.45E-02,0.209428211,1.06E-03
0,0,0.199664523,3.45E-02,4.68E-02,5.41E-03,0.131650636,5.33E-03,0.189109668,2.49E-03
0,0,0.198927296,2.06E-02,8.93E-02,2.21E-03,0.154546254,9.80E-03,5.76E-02,8.92E-04
0,0,6.86E-02,1.71E-02,0.119386427,1.93E-02,9.79E-02,1.78E-03,0.118730483,3.19E-03
0,0,0.175665132,3.41E-02,4.66E-02,5.18E-03,0.122750751,9.91E-03,2.34E-02,9.89E-04
0,0,7.28E-02,4.98E-03,9.67E-02,1.50E-02,1.50E-02,3.84E-03,0.146275657,9.67E-04
0,0,0.21994084,3.63E-02,5.22E-02,1.32E-02,7.08E-02,3.58E-03,0.225325817,1.87E-03
0,0,8.23E-02,1.93E-02,1.14E-02,1.32E-02,0.129957744,8.14E-03,7.68E-02,3.53E-03
0,0,7.55E-02,1.49E-02,0.118636355,8.58E-03,0.156089197,4.21E-03,5.70E-02,2.81E-04
0,0,3.46E-02,2.44E-02,0.160987045,1.86E-02,6.99E-02,1.15E-02,0.131278852,1.19E-03
0,0,0.168208566,3.10E-02,9.84E-02,1.46E-02,0.119782376,4.20E-03,9.44E-02,3.94E-03
0,0,9.32E-02,1.16E-02,0.20113094,1.34E-02,0.151475353,7.72E-03,9.84E-02,4.11E-03
0,0,8.23E-02,1.81E-02,7.53E-02,1.11E-02,0.227974013,8.01E-03,0.179008856,3.56E-03
0,0,0.190149265,3.67E-02,3.37E-02,6.10E-03,0.104575722,8.93E-03,7.76E-02,2.92E-03
0,0,9.64E-02,9.41E-03,0.11428314,1.13E-02,0.112698277,1.56E-03,0.240025312,2.60E-03
0,0,0.21172425,3.34E-02,7.45E-03,9.92E-03,2.83E-02,5.76E-03,0.168276829,4.08E-03
0,0,0.16156506,1.12E-02,0.156016185,9.47E-03,0.236793161,6.78E-03,0.185318354,6.15E-03
0,0,0.1752332,3.00E-02,5.98E-03,2.99E-03,0.11504055,5.84E-03,0.12984237,1.47E-03
0,0,5.00E-02,1.83E-02,0.185497059,2.16E-02,0.176894433,1.04E-03,0.218991638,6.29E-03
0,0,0.1366197,1.53E-03,4.16E-02,1.25E-02,0.213818499,4.02E-03,0.206130044,5.45E-03
0,0,0.105952244,1.74E-02,0.185357927,2.31E-02,0.117915272,7.71E-03,0.201243329,1.69E-03
0,0,9.13E-02,1.92E-02,0.1243203,9.64E-03,8.48E-02,6.72E-03,3.24E-02,5.31E-03
0,0,4.55E-02,2.85E-03,0.136637716,5.54E-03,0.12010396,9.97E-03,0.134530343,1.73E-03
0,0,3.63E-02,2.01E-02,6.51E-02,7.43E-03,3.61E-02,2.97E-03,0.131219379,3.13E-04
0,0,0.235022296,4.21E-02,0.154796287,1.78E-02,0.203225821,4.75E-03,3.21E-02,7.08E-03
0,0,9.17E-02,2.17E-02,2.29E-02,9.75E-04,6.58E-02,6.54E-03,5.20E-02,2.86E-03
0,0,0.241883182,3.45E-02,0.122977028,2.17E-02,9.58E-02,5.88E-03,0.195872593,4.91E-03
0,0,6.30E-02,1.05E-02,7.76E-02,6.12E-03,0.108824895,5.25E-03,5.40E-02,4.24E-03
0,0,0.100242093,1.05E-02,7.50E-02,9.95E-03,5.82E-02,2.55E-03,8.56E-02,1.47E-03
0,0,3.95E-02,1.54E-02,4.05E-02,6.27E-03,0.177661877,5.62E-03,0.150382145,2.02E-03
0,0,5.62E-02,1.59E-02,0.13049685,1.32E-02,0.246096645,9.74E-03,3.36E-02,6.48E-03
0,0,9.68E-02,1.27E-02,1.07E-02,2.20E-03,8.54E-02,1.16E-03,0.144096267,1.25E-03
0,0,0.185246031,3.59E-02,0.107234767,2.00E-02,0.132341873,7.95E-03,0.120159101,7.51E-03
0,0,8.50E-02,1.81E-02,0.142314461,1.33E-02,3.30E-02,9.75E-03,0.115386799,1.95E-03
0,0,3.83E-02,1.13E-02,0.155639812,1.09E-02,6.14E-02,3.42E-03,0.124558747,9.79E-04
0,0,0.300058723,3.83E-02,0.120757676,2.54E-02,0.328683508,1.31E-02,0.161745256,3.44E-03
0,0,4.66E-02,1.40E-02,6.89E-02,5.48E-03,6.96E-02,6.16E-03,8.13E-02,2.70E-03
0,0,0.227509163,2.19E-02,0.114788313,1.13E-02,7.01E-02,2.95E-03,0.208184189,8.76E-04
0,0,0.135219937,2.66E-02,0.191279397,1.61E-02,0.164675918,1.51E-03,5.45E-02,1.46E-03
0,0,2.45E-02,1.79E-02,5.35E-02,1.38E-02,6.59E-02,6.93E-03,9.17E-02,2.74E-03
0,0,0.16082999,2.08E-02,0.109649399,6.21E-03,0.127512698,1.91E-03,0.150775571,4.14E-03
0,0,0.161754148,1.11E-02,0.111983424,1.67E-02,0.126832114,9.04E-03,0.214310666,2.78E-03
0,0,1.97E-02,1.82E-02,0.124314367,1.13E-02,5.74E-02,3.77E-03,0.159335329,2.80E-03
0,0,0.101650228,3.55E-02,8.09E-02,4.55E-03,0.113729783,5.37E-03,0.356813307,2.29E-03
0,0,0.182081215,2.37E-02,0.192042411,2.43E-02,7.74E-02,6.00E-03,0.193033001,5.80E-03
0,0,0.139525813,1.10E-02,0.133569606,2.07E-02,8.41E-02,3.03E-03,7.41E-02,2.96E-03
0,0,0.111971303,2.22E-02,1.53E-03,9.77E-03,0.148611928,1.07E-02,5.09E-02,2.10E-03
0,0,0.145640084,1.69E-02,7.32E-02,1.25E-02,0.105163182,6.85E-03,8.24E-02,2.50E-03
0,0,9.81E-02,5.14E-03,5.48E-02,7.99E-03,3.73E-02,4.02E-03,7.90E-02,6.47E-04
0,0,0.178148159,3.08E-02,0.101801796,1.14E-02,7.51E-02,2.92E-03,5.88E-02,3.18E-03
0,0,5.96E-02,3.24E-02,0.130144134,8.94E-03,0.106151046,3.14E-03,0.301851986,4.16E-03
0,0,0.127091356,2.25E-02,6.45E-02,5.21E-03,0.178230141,1.46E-02,6.55E-02,1.12E-03
0,0,9.43E-02,2.54E-02,6.49E-02,1.40E-02,9.40E-02,6.52E-03,0.122013057,1.24E-03
0,0,0.118124229,9.66E-03,0.133911984,7.17E-03,5.76E-02,2.90E-03,7.06E-02,4.08E-03
0,0,0.200079821,4.10E-02,3.59E-02,9.85E-03,9.20E-02,1.06E-02,5.22E-02,8.57E-04
0,0,7.81E-02,1.17E-02,0.122805312,1.34E-02,7.71E-02,5.60E-03,6.64E-02,1.80E-03
0,0,4.79E-02,4.21E-03,0.12480008,1.94E-02,0.134017609,2.43E-03,0.291261902,2.63E-03
0,0,0.180901925,2.33E-02,0.143689061,4.86E-03,6.65E-02,7.81E-03,0.184744752,1.92E-03
0,0,0.218136651,2.91E-02,5.89E-02,8.55E-03,0.249480087,1.44E-02,0.150153386,2.25E-03
0,0,0.175549476,2.02E-02,5.97E-02,2.55E-03,6.50E-02,5.43E-03,6.30E-02,3.63E-03
0,0,8.63E-02,1.09E-02,0.105754536,5.95E-03,8.10E-02,4.72E-03,0.113078047,1.99E-03
0,0,8.47E-02,7.39E-03,0.104108797,1.50E-02,9.79E-02,9.32E-03,0.173012444,4.17E-03
0,0,0.133270959,2.37E-02,9.44E-02,9.94E-03,0.167181518,7.35E-03,3.71E-02,4.39E-03
0,0,2.79E-02,2.56E-03,0.153643915,2.03E-02,0.229700419,6.80E-03,7.09E-02,1.46E-03
0,0,7.84E-02,2.69E-02,0.176484992,9.31E-03,6.86E-02,7.57E-03,0.129181653,4.92E-03
0,0,4.38E-02,8.59E-03,7.02E-02,2.09E-03,7.07E-02,2.45E-03,0.247400229,4.47E-03
0,0,0.119672053,3.01E-02,0.278770813,2.32E-02,2.78E-02,4.39E-03,0.125364659,5.27E-03
0,0,0.15398781,4.16E-02,0.15405633,1.47E-02,0.128439836,5.57E-03,0.14625597,1.86E-03
0,0,0.174958919,3.69E-02,0.196903915,2.68E-02,0.246663969,9.39E-03,0.223993865,9.74E-04
0,0,6.99E-02,2.16E-02,8.13E-02,1.25E-02,9.97E-02,6.32E-03,3.84E-02,2.30E-03
0,0,3.61E-02,2.41E-02,6.12E-02,7.23E-03,9.93E-02,1.94E-03,9.65E-02,9.03E-04
0,0,0.158837189,2.67E-02,0.141142314,1.52E-02,6.56E-02,4.99E-03,6.28E-02,1.43E-03
0,0,0.14991764,2.44E-02,8.50E-02,1.09E-02,0.198569584,8.83E-03,0.13393495,1.97E-03
0,0,0.152638194,2.14E-02,2.92E-02,9.84E-03,9.49E-02,3.67E-03,3.26E-02,2.49E-03
0,0,3.78E-02,2.32E-02,3.61E-02,6.12E-03,6.13E-02,8.78E-03,0.201295681,4.70E-03
0,0,0.128017448,2.18E-02,0.129626021,5.68E-03,0.124390437,1.25E-02,0.129626789,3.42E-03
0,0,0.131950394,1.83E-02,5.17E-02,9.59E-03,0.10991574,5.79E-03,5.86E-02,4.69E-03
0,0,0.137416309,2.06E-02,0.152167836,1.40E-02,0.191651093,1.02E-02,0.110235227,5.60E-03
0,0,0.175122039,2.39E-02,0.195083428,1.65E-02,0.158919475,4.19E-03,0.143883344,3.36E-03
0,0,0.240403916,3.75E-02,0.201530042,2.77E-02,0.120564492,3.74E-03,0.151050949,5.06E-03
0,0,5.01E-02,5.79E-03,0.144298766,2.53E-03,0.144920644,1.08E-02,7.67E-02,2.67E-03
0,0,7.68E-02,2.96E-02,1.56E-02,8.21E-03,9.37E-02,9.74E-03,7.52E-02,1.48E-03
0,0,0.247356963,2.18E-02,0.105055813,1.83E-02,7.99E-02,7.20E-03,0.242492898,4.05E-03
0,0,0.168757516,2.60E-02,7.25E-02,3.48E-03,0.365018221,1.11E-02,8.85E-02,2.42E-03
0,0,0.147530786,3.68E-02,4.54E-02,1.37E-02,0.180095062,1.28E-02,7.55E-02,9.88E-03
0,0,0.127650732,1.20E-02,0.109000404,3.11E-03,0.143553929,2.98E-03,0.163240849,3.02E-03
0,0,0.104209479,1.20E-02,6.83E-02,2.22E-02,0.137184597,6.38E-03,9.94E-02,1.05E-03
0,0,0.122216747,2.31E-02,6.92E-02,1.40E-02,0.111445962,7.97E-03,0.11373954,3.89E-03
